{"acacia_boat": 1, "acacia_button": 2, "acacia_chest_boat": 3, "acacia_door": 4, "acacia_fence": 5, "acacia_fence_gate": 6, "acacia_hanging_sign": 7, "acacia_leaves": 8, "acacia_log": 9, "acacia_planks": 10, "acacia_pressure_plate": 11, "acacia_sapling": 12, "acacia_sign": 13, "acacia_slab": 14, "acacia_stairs": 15, "acacia_trapdoor": 16, "acacia_wood": 17, "activator_rail": 18, "air": 19, "allay_spawn_egg": 20, "allium": 21, "amethyst_block": 22, "amethyst_bud": 23, "amethyst_cluster": 24, "amethyst_shard": 25, "ancient_debris": 26, "andesite": 27, "andesite_slab": 28, "andesite_stairs": 29, "andesite_wall": 30, "angler_pottery_sherd": 31, "anvil": 32, "apple": 33, "archer_pottery_sherd": 34, "armadillo_scute": 35, "armadillo_spawn_egg": 36, "armor_stand": 37, "arms_up_pottery_sherd": 38, "arrow": 39, "axolotl_bucket": 40, "axolotl_spawn_egg": 41, "azalea": 42, "azalea_leaves": 43, "azure_bluet": 44, "baked_potato": 45, "bamboo": 46, "bamboo_block": 47, "bamboo_button": 48, "bamboo_chest_raft": 49, "bamboo_door": 50, "bamboo_fence": 51, "bamboo_fence_gate": 52, "bamboo_hanging_sign": 53, "bamboo_mosaic": 54, "bamboo_mosaic_slab": 55, "bamboo_mosaic_stairs": 56, "bamboo_planks": 57, "bamboo_pressure_plate": 58, "bamboo_raft": 59, "bamboo_sign": 60, "bamboo_slab": 61, "bamboo_stairs": 62, "bamboo_trapdoor": 63, "barrel": 64, "barrier": 65, "basalt": 66, "bat_spawn_egg": 67, "beacon": 68, "bedrock": 69, "beef": 70, "beehive": 71, "beetroot": 72, "beetroot_seeds": 73, "beetroot_soup": 74, "bee_nest": 75, "bee_spawn_egg": 76, "bell": 77, "big_dripleaf": 78, "birch_boat": 79, "birch_button": 80, "birch_chest_boat": 81, "birch_door": 82, "birch_fence": 83, "birch_fence_gate": 84, "birch_hanging_sign": 85, "birch_leaves": 86, "birch_log": 87, "birch_planks": 88, "birch_pressure_plate": 89, "birch_sapling": 90, "birch_sign": 91, "birch_slab": 92, "birch_stairs": 93, "birch_trapdoor": 94, "birch_wood": 95, "blackstone": 96, "blackstone_slab": 97, "blackstone_stairs": 98, "blackstone_wall": 99, "black_banner": 100, "black_bed": 101, "black_candle": 102, "black_carpet": 103, "black_concrete": 104, "black_concrete_powder": 105, "black_dye": 106, "black_glazed_terracotta": 107, "black_shulker_box": 108, "black_stained_glass": 109, "black_stained_glass_pane": 110, "black_terracotta": 111, "black_wool": 112, "blade_pottery_sherd": 113, "blast_furnace": 114, "blaze_powder": 115, "blaze_rod": 116, "blaze_spawn_egg": 117, "blue_banner": 118, "blue_bed": 119, "blue_candle": 120, "blue_carpet": 121, "blue_concrete": 122, "blue_concrete_powder": 123, "blue_dye": 124, "blue_glazed_terracotta": 125, "blue_ice": 126, "blue_orchid": 127, "blue_shulker_box": 128, "blue_stained_glass": 129, "blue_stained_glass_pane": 130, "blue_terracotta": 131, "blue_wool": 132, "bogged_spawn_egg": 133, "bolt_armor_trim_smithing_template": 134, "bone": 135, "bone_block": 136, "bone_meal": 137, "book": 138, "bookshelf": 139, "bow": 140, "bowl": 141, "bow_pulling_0": 142, "bow_pulling_1": 143, "bow_pulling_2": 144, "brain_coral": 145, "brain_coral_block": 146, "brain_coral_fan": 147, "bread": 148, "breeze_rod": 149, "breeze_spawn_egg": 150, "brewer_pottery_sherd": 151, "brewing_stand": 152, "brick": 153, "bricks": 154, "brick_slab": 155, "brick_stairs": 156, "brick_wall": 157, "broken_elytra": 158, "brown_banner": 159, "brown_bed": 160, "brown_candle": 161, "brown_carpet": 162, "brown_concrete": 163, "brown_concrete_powder": 164, "brown_dye": 165, "brown_glazed_terracotta": 166, "brown_mushroom": 167, "brown_mushroom_block": 168, "brown_shulker_box": 169, "brown_stained_glass": 170, "brown_stained_glass_pane": 171, "brown_terracotta": 172, "brown_wool": 173, "brush": 174, "brush_brushing_0": 175, "brush_brushing_1": 176, "brush_brushing_2": 177, "bubble_coral": 178, "bubble_coral_block": 179, "bubble_coral_fan": 180, "bucket": 181, "budding_amethyst": 182, "bundle": 183, "bundle_filled": 184, "burn_pottery_sherd": 185, "cactus": 186, "cake": 187, "calcite": 188, "calibrated_sculk_sensor": 189, "camel_spawn_egg": 190, "campfire": 191, "candle": 192, "carrot": 193, "carrot_on_a_stick": 194, "cartography_table": 195, "carved_pumpkin": 196, "cat_spawn_egg": 197, "cauldron": 198, "cave_spider_spawn_egg": 199, "chain": 200, "chainmail_boots": 201, "chainmail_boots_amethyst_trim": 202, "chainmail_boots_copper_trim": 203, "chainmail_boots_diamond_trim": 204, "chainmail_boots_emerald_trim": 205, "chainmail_boots_gold_trim": 206, "chainmail_boots_iron_trim": 207, "chainmail_boots_lapis_trim": 208, "chainmail_boots_netherite_trim": 209, "chainmail_boots_quartz_trim": 210, "chainmail_boots_redstone_trim": 211, "chainmail_chestplate": 212, "chainmail_chestplate_amethyst_trim": 213, "chainmail_chestplate_copper_trim": 214, "chainmail_chestplate_diamond_trim": 215, "chainmail_chestplate_emerald_trim": 216, "chainmail_chestplate_gold_trim": 217, "chainmail_chestplate_iron_trim": 218, "chainmail_chestplate_lapis_trim": 219, "chainmail_chestplate_netherite_trim": 220, "chainmail_chestplate_quartz_trim": 221, "chainmail_chestplate_redstone_trim": 222, "chainmail_helmet": 223, "chainmail_helmet_amethyst_trim": 224, "chainmail_helmet_copper_trim": 225, "chainmail_helmet_diamond_trim": 226, "chainmail_helmet_emerald_trim": 227, "chainmail_helmet_gold_trim": 228, "chainmail_helmet_iron_trim": 229, "chainmail_helmet_lapis_trim": 230, "chainmail_helmet_netherite_trim": 231, "chainmail_helmet_quartz_trim": 232, "chainmail_helmet_redstone_trim": 233, "chainmail_leggings": 234, "chainmail_leggings_amethyst_trim": 235, "chainmail_leggings_copper_trim": 236, "chainmail_leggings_diamond_trim": 237, "chainmail_leggings_emerald_trim": 238, "chainmail_leggings_gold_trim": 239, "chainmail_leggings_iron_trim": 240, "chainmail_leggings_lapis_trim": 241, "chainmail_leggings_netherite_trim": 242, "chainmail_leggings_quartz_trim": 243, "chainmail_leggings_redstone_trim": 244, "chain_command_block": 245, "charcoal": 246, "cherry_boat": 247, "cherry_button": 248, "cherry_chest_boat": 249, "cherry_door": 250, "cherry_fence": 251, "cherry_fence_gate": 252, "cherry_hanging_sign": 253, "cherry_leaves": 254, "cherry_log": 255, "cherry_planks": 256, "cherry_pressure_plate": 257, "cherry_sapling": 258, "cherry_sign": 259, "cherry_slab": 260, "cherry_stairs": 261, "cherry_trapdoor": 262, "cherry_wood": 263, "chest": 264, "chest_minecart": 265, "chicken": 266, "chicken_spawn_egg": 267, "chipped_anvil": 268, "chiseled_bookshelf": 269, "chiseled_copper": 270, "chiseled_deepslate": 271, "chiseled_nether_bricks": 272, "chiseled_polished_blackstone": 273, "chiseled_quartz_block": 274, "chiseled_red_sandstone": 275, "chiseled_sandstone": 276, "chiseled_stone_bricks": 277, "chiseled_tuff": 278, "chiseled_tuff_bricks": 279, "chorus_flower": 280, "chorus_fruit": 281, "chorus_plant": 282, "clay": 283, "clay_ball": 284, "clock": 285, "clock_01": 286, "clock_02": 287, "clock_03": 288, "clock_04": 289, "clock_05": 290, "clock_06": 291, "clock_07": 292, "clock_08": 293, "clock_09": 294, "clock_10": 295, "clock_11": 296, "clock_12": 297, "clock_13": 298, "clock_14": 299, "clock_15": 300, "clock_16": 301, "clock_17": 302, "clock_18": 303, "clock_19": 304, "clock_20": 305, "clock_21": 306, "clock_22": 307, "clock_23": 308, "clock_24": 309, "clock_25": 310, "clock_26": 311, "clock_27": 312, "clock_28": 313, "clock_29": 314, "clock_30": 315, "clock_31": 316, "clock_32": 317, "clock_33": 318, "clock_34": 319, "clock_35": 320, "clock_36": 321, "clock_37": 322, "clock_38": 323, "clock_39": 324, "clock_40": 325, "clock_41": 326, "clock_42": 327, "clock_43": 328, "clock_44": 329, "clock_45": 330, "clock_46": 331, "clock_47": 332, "clock_48": 333, "clock_49": 334, "clock_50": 335, "clock_51": 336, "clock_52": 337, "clock_53": 338, "clock_54": 339, "clock_55": 340, "clock_56": 341, "clock_57": 342, "clock_58": 343, "clock_59": 344, "clock_60": 345, "clock_61": 346, "clock_62": 347, "clock_63": 348, "coal": 349, "coal_block": 350, "coal_ore": 351, "coarse_dirt": 352, "coast_armor_trim_smithing_template": 353, "cobbled_deepslate": 354, "cobbled_deepslate_slab": 355, "cobbled_deepslate_stairs": 356, "cobbled_deepslate_wall": 357, "cobblestone": 358, "cobblestone_slab": 359, "cobblestone_stairs": 360, "cobblestone_wall": 361, "cobweb": 362, "cocoa_beans": 363, "cod": 364, "cod_bucket": 365, "cod_spawn_egg": 366, "command_block": 367, "command_block_minecart": 368, "comparator": 369, "compass": 370, "compass_00": 371, "compass_01": 372, "compass_02": 373, "compass_03": 374, "compass_04": 375, "compass_05": 376, "compass_06": 377, "compass_07": 378, "compass_08": 379, "compass_09": 380, "compass_10": 381, "compass_11": 382, "compass_12": 383, "compass_13": 384, "compass_14": 385, "compass_15": 386, "compass_17": 387, "compass_18": 388, "compass_19": 389, "compass_20": 390, "compass_21": 391, "compass_22": 392, "compass_23": 393, "compass_24": 394, "compass_25": 395, "compass_26": 396, "compass_27": 397, "compass_28": 398, "compass_29": 399, "compass_30": 400, "compass_31": 401, "composter": 402, "conduit": 403, "cooked_beef": 404, "cooked_chicken": 405, "cooked_cod": 406, "cooked_mutton": 407, "cooked_porkchop": 408, "cooked_rabbit": 409, "cooked_salmon": 410, "cookie": 411, "copper_block": 412, "copper_bulb": 413, "copper_door": 414, "copper_grate": 415, "copper_ingot": 416, "copper_ore": 417, "copper_trapdoor": 418, "cornflower": 419, "cow_spawn_egg": 420, "cracked_deepslate_bricks": 421, "cracked_deepslate_tiles": 422, "cracked_nether_bricks": 423, "cracked_polished_blackstone_bricks": 424, "cracked_stone_bricks": 425, "crafter": 426, "crafting_table": 427, "creeper_banner_pattern": 428, "creeper_head": 429, "creeper_spawn_egg": 430, "crimson_button": 431, "crimson_door": 432, "crimson_fence": 433, "crimson_fence_gate": 434, "crimson_fungus": 435, "crimson_hanging_sign": 436, "crimson_hyphae": 437, "crimson_nylium": 438, "crimson_planks": 439, "crimson_pressure_plate": 440, "crimson_roots": 441, "crimson_sign": 442, "crimson_slab": 443, "crimson_stairs": 444, "crimson_stem": 445, "crimson_trapdoor": 446, "crossbow": 447, "crossbow_arrow": 448, "crossbow_firework": 449, "crossbow_pulling_0": 450, "crossbow_pulling_1": 451, "crossbow_pulling_2": 452, "crying_obsidian": 453, "cut_copper": 454, "cut_copper_slab": 455, "cut_copper_stairs": 456, "cut_red_sandstone": 457, "cut_red_sandstone_slab": 458, "cut_sandstone": 459, "cut_sandstone_slab": 460, "cyan_banner": 461, "cyan_bed": 462, "cyan_candle": 463, "cyan_carpet": 464, "cyan_concrete": 465, "cyan_concrete_powder": 466, "cyan_dye": 467, "cyan_glazed_terracotta": 468, "cyan_shulker_box": 469, "cyan_stained_glass": 470, "cyan_stained_glass_pane": 471, "cyan_terracotta": 472, "cyan_wool": 473, "damaged_anvil": 474, "dandelion": 475, "danger_pottery_sherd": 476, "dark_oak_boat": 477, "dark_oak_button": 478, "dark_oak_chest_boat": 479, "dark_oak_door": 480, "dark_oak_fence": 481, "dark_oak_fence_gate": 482, "dark_oak_hanging_sign": 483, "dark_oak_leaves": 484, "dark_oak_log": 485, "dark_oak_planks": 486, "dark_oak_pressure_plate": 487, "dark_oak_sapling": 488, "dark_oak_sign": 489, "dark_oak_slab": 490, "dark_oak_stairs": 491, "dark_oak_trapdoor": 492, "dark_oak_wood": 493, "dark_prismarine": 494, "dark_prismarine_slab": 495, "dark_prismarine_stairs": 496, "daylight_detector": 497, "dead_brain_coral": 498, "dead_brain_coral_block": 499, "dead_brain_coral_fan": 500, "dead_bubble_coral": 501, "dead_bubble_coral_block": 502, "dead_bubble_coral_fan": 503, "dead_bush": 504, "dead_fire_coral": 505, "dead_fire_coral_block": 506, "dead_fire_coral_fan": 507, "dead_horn_coral": 508, "dead_horn_coral_block": 509, "dead_horn_coral_fan": 510, "dead_tube_coral": 511, "dead_tube_coral_block": 512, "dead_tube_coral_fan": 513, "debug_stick": 514, "decorated_pot": 515, "deepslate": 516, "deepslate_bricks": 517, "deepslate_brick_slab": 518, "deepslate_brick_stairs": 519, "deepslate_brick_wall": 520, "deepslate_coal_ore": 521, "deepslate_copper_ore": 522, "deepslate_diamond_ore": 523, "deepslate_emerald_ore": 524, "deepslate_gold_ore": 525, "deepslate_iron_ore": 526, "deepslate_lapis_ore": 527, "deepslate_redstone_ore": 528, "deepslate_tiles": 529, "deepslate_tile_slab": 530, "deepslate_tile_stairs": 531, "deepslate_tile_wall": 532, "detector_rail": 533, "diamond": 534, "diamond_axe": 535, "diamond_block": 536, "diamond_boots": 537, "diamond_boots_amethyst_trim": 538, "diamond_boots_copper_trim": 539, "diamond_boots_diamond_darker_trim": 540, "diamond_boots_emerald_trim": 541, "diamond_boots_gold_trim": 542, "diamond_boots_iron_trim": 543, "diamond_boots_lapis_trim": 544, "diamond_boots_netherite_trim": 545, "diamond_boots_quartz_trim": 546, "diamond_boots_redstone_trim": 547, "diamond_chestplate": 548, "diamond_chestplate_amethyst_trim": 549, "diamond_chestplate_copper_trim": 550, "diamond_chestplate_diamond_darker_trim": 551, "diamond_chestplate_emerald_trim": 552, "diamond_chestplate_gold_trim": 553, "diamond_chestplate_iron_trim": 554, "diamond_chestplate_lapis_trim": 555, "diamond_chestplate_netherite_trim": 556, "diamond_chestplate_quartz_trim": 557, "diamond_chestplate_redstone_trim": 558, "diamond_helmet": 559, "diamond_helmet_amethyst_trim": 560, "diamond_helmet_copper_trim": 561, "diamond_helmet_diamond_darker_trim": 562, "diamond_helmet_emerald_trim": 563, "diamond_helmet_gold_trim": 564, "diamond_helmet_iron_trim": 565, "diamond_helmet_lapis_trim": 566, "diamond_helmet_netherite_trim": 567, "diamond_helmet_quartz_trim": 568, "diamond_helmet_redstone_trim": 569, "diamond_hoe": 570, "diamond_horse_armor": 571, "diamond_leggings": 572, "diamond_leggings_amethyst_trim": 573, "diamond_leggings_copper_trim": 574, "diamond_leggings_diamond_darker_trim": 575, "diamond_leggings_emerald_trim": 576, "diamond_leggings_gold_trim": 577, "diamond_leggings_iron_trim": 578, "diamond_leggings_lapis_trim": 579, "diamond_leggings_netherite_trim": 580, "diamond_leggings_quartz_trim": 581, "diamond_leggings_redstone_trim": 582, "diamond_ore": 583, "diamond_pickaxe": 584, "diamond_shovel": 585, "diamond_sword": 586, "diorite": 587, "diorite_slab": 588, "diorite_stairs": 589, "diorite_wall": 590, "dirt": 591, "dirt_path": 592, "disc_fragment_5": 593, "dispenser": 594, "dolphin_spawn_egg": 595, "donkey_spawn_egg": 596, "dragon_breath": 597, "dragon_egg": 598, "dragon_head": 599, "dried_kelp": 600, "dried_kelp_block": 601, "dripstone_block": 602, "dropper": 603, "drowned_spawn_egg": 604, "dune_armor_trim_smithing_template": 605, "echo_shard": 606, "egg": 607, "elder_guardian_spawn_egg": 608, "elytra": 609, "emerald": 610, "emerald_block": 611, "emerald_ore": 612, "enchanted_book": 613, "enchanted_golden_apple": 614, "enchanting_table": 615, "enderman_spawn_egg": 616, "endermite_spawn_egg": 617, "ender_chest": 618, "ender_dragon_spawn_egg": 619, "ender_eye": 620, "ender_pearl": 621, "end_crystal": 622, "end_portal_frame": 623, "end_rod": 624, "end_stone": 625, "end_stone_bricks": 626, "end_stone_brick_slab": 627, "end_stone_brick_stairs": 628, "end_stone_brick_wall": 629, "evoker_spawn_egg": 630, "experience_bottle": 631, "explorer_pottery_sherd": 632, "exposed_chiseled_copper": 633, "exposed_copper": 634, "exposed_copper_bulb": 635, "exposed_copper_door": 636, "exposed_copper_grate": 637, "exposed_copper_trapdoor": 638, "exposed_cut_copper": 639, "exposed_cut_copper_slab": 640, "exposed_cut_copper_stairs": 641, "eye_armor_trim_smithing_template": 642, "farmland": 643, "feather": 644, "fermented_spider_eye": 645, "fern": 646, "filled_map": 647, "firework_rocket": 648, "firework_star": 649, "fire_charge": 650, "fire_coral": 651, "fire_coral_block": 652, "fire_coral_fan": 653, "fishing_rod": 654, "fishing_rod_cast": 655, "fletching_table": 656, "flint": 657, "flint_and_steel": 658, "flowering_azalea": 659, "flowering_azalea_leaves": 660, "flower_banner_pattern": 661, "flower_pot": 662, "flow_armor_trim_smithing_template": 663, "flow_banner_pattern": 664, "flow_pottery_sherd": 665, "fox_spawn_egg": 666, "friend_pottery_sherd": 667, "frogspawn": 668, "frog_spawn_egg": 669, "furnace": 670, "furnace_minecart": 671, "generated": 672, "ghast_spawn_egg": 673, "ghast_tear": 674, "gilded_blackstone": 675, "glass": 676, "glass_bottle": 677, "glass_pane": 678, "glistering_melon_slice": 679, "globe_banner_pattern": 680, "glowstone": 681, "glowstone_dust": 682, "glow_berries": 683, "glow_ink_sac": 684, "glow_item_frame": 685, "glow_lichen": 686, "glow_squid_spawn_egg": 687, "goat_horn": 688, "goat_spawn_egg": 689, "golden_apple": 690, "golden_axe": 691, "golden_boots": 692, "golden_boots_amethyst_trim": 693, "golden_boots_copper_trim": 694, "golden_boots_diamond_trim": 695, "golden_boots_emerald_trim": 696, "golden_boots_gold_darker_trim": 697, "golden_boots_iron_trim": 698, "golden_boots_lapis_trim": 699, "golden_boots_netherite_trim": 700, "golden_boots_quartz_trim": 701, "golden_boots_redstone_trim": 702, "golden_carrot": 703, "golden_chestplate": 704, "golden_chestplate_amethyst_trim": 705, "golden_chestplate_copper_trim": 706, "golden_chestplate_diamond_trim": 707, "golden_chestplate_emerald_trim": 708, "golden_chestplate_gold_darker_trim": 709, "golden_chestplate_iron_trim": 710, "golden_chestplate_lapis_trim": 711, "golden_chestplate_netherite_trim": 712, "golden_chestplate_quartz_trim": 713, "golden_chestplate_redstone_trim": 714, "golden_helmet": 715, "golden_helmet_amethyst_trim": 716, "golden_helmet_copper_trim": 717, "golden_helmet_diamond_trim": 718, "golden_helmet_emerald_trim": 719, "golden_helmet_gold_darker_trim": 720, "golden_helmet_iron_trim": 721, "golden_helmet_lapis_trim": 722, "golden_helmet_netherite_trim": 723, "golden_helmet_quartz_trim": 724, "golden_helmet_redstone_trim": 725, "golden_hoe": 726, "golden_horse_armor": 727, "golden_leggings": 728, "golden_leggings_amethyst_trim": 729, "golden_leggings_copper_trim": 730, "golden_leggings_diamond_trim": 731, "golden_leggings_emerald_trim": 732, "golden_leggings_gold_darker_trim": 733, "golden_leggings_iron_trim": 734, "golden_leggings_lapis_trim": 735, "golden_leggings_netherite_trim": 736, "golden_leggings_quartz_trim": 737, "golden_leggings_redstone_trim": 738, "golden_pickaxe": 739, "golden_shovel": 740, "golden_sword": 741, "gold_block": 742, "gold_ingot": 743, "gold_nugget": 744, "gold_ore": 745, "granite": 746, "granite_slab": 747, "granite_stairs": 748, "granite_wall": 749, "grass_block": 750, "gravel": 751, "gray_banner": 752, "gray_bed": 753, "gray_candle": 754, "gray_carpet": 755, "gray_concrete": 756, "gray_concrete_powder": 757, "gray_dye": 758, "gray_glazed_terracotta": 759, "gray_shulker_box": 760, "gray_stained_glass": 761, "gray_stained_glass_pane": 762, "gray_terracotta": 763, "gray_wool": 764, "green_banner": 765, "green_bed": 766, "green_candle": 767, "green_carpet": 768, "green_concrete": 769, "green_concrete_powder": 770, "green_dye": 771, "green_glazed_terracotta": 772, "green_shulker_box": 773, "green_stained_glass": 774, "green_stained_glass_pane": 775, "green_terracotta": 776, "green_wool": 777, "grindstone": 778, "guardian_spawn_egg": 779, "gunpowder": 780, "guster_banner_pattern": 781, "guster_pottery_sherd": 782, "handheld": 783, "handheld_mace": 784, "handheld_rod": 785, "hanging_roots": 786, "hay_block": 787, "heartbreak_pottery_sherd": 788, "heart_of_the_sea": 789, "heart_pottery_sherd": 790, "heavy_core": 791, "heavy_weighted_pressure_plate": 792, "hoglin_spawn_egg": 793, "honeycomb": 794, "honeycomb_block": 795, "honey_block": 796, "honey_bottle": 797, "hopper": 798, "hopper_minecart": 799, "horn_coral": 800, "horn_coral_block": 801, "horn_coral_fan": 802, "horse_spawn_egg": 803, "host_armor_trim_smithing_template": 804, "howl_pottery_sherd": 805, "husk_spawn_egg": 806, "ice": 807, "infested_chiseled_stone_bricks": 808, "infested_cobblestone": 809, "infested_cracked_stone_bricks": 810, "infested_deepslate": 811, "infested_mossy_stone_bricks": 812, "infested_stone": 813, "infested_stone_bricks": 814, "ink_sac": 815, "iron_axe": 816, "iron_bars": 817, "iron_block": 818, "iron_boots": 819, "iron_boots_amethyst_trim": 820, "iron_boots_copper_trim": 821, "iron_boots_diamond_trim": 822, "iron_boots_emerald_trim": 823, "iron_boots_gold_trim": 824, "iron_boots_iron_darker_trim": 825, "iron_boots_lapis_trim": 826, "iron_boots_netherite_trim": 827, "iron_boots_quartz_trim": 828, "iron_boots_redstone_trim": 829, "iron_chestplate": 830, "iron_chestplate_amethyst_trim": 831, "iron_chestplate_copper_trim": 832, "iron_chestplate_diamond_trim": 833, "iron_chestplate_emerald_trim": 834, "iron_chestplate_gold_trim": 835, "iron_chestplate_iron_darker_trim": 836, "iron_chestplate_lapis_trim": 837, "iron_chestplate_netherite_trim": 838, "iron_chestplate_quartz_trim": 839, "iron_chestplate_redstone_trim": 840, "iron_door": 841, "iron_golem_spawn_egg": 842, "iron_helmet": 843, "iron_helmet_amethyst_trim": 844, "iron_helmet_copper_trim": 845, "iron_helmet_diamond_trim": 846, "iron_helmet_emerald_trim": 847, "iron_helmet_gold_trim": 848, "iron_helmet_iron_darker_trim": 849, "iron_helmet_lapis_trim": 850, "iron_helmet_netherite_trim": 851, "iron_helmet_quartz_trim": 852, "iron_helmet_redstone_trim": 853, "iron_hoe": 854, "iron_horse_armor": 855, "iron_ingot": 856, "iron_leggings": 857, "iron_leggings_amethyst_trim": 858, "iron_leggings_copper_trim": 859, "iron_leggings_diamond_trim": 860, "iron_leggings_emerald_trim": 861, "iron_leggings_gold_trim": 862, "iron_leggings_iron_darker_trim": 863, "iron_leggings_lapis_trim": 864, "iron_leggings_netherite_trim": 865, "iron_leggings_quartz_trim": 866, "iron_leggings_redstone_trim": 867, "iron_nugget": 868, "iron_ore": 869, "iron_pickaxe": 870, "iron_shovel": 871, "iron_sword": 872, "iron_trapdoor": 873, "item_frame": 874, "jack_o_lantern": 875, "jigsaw": 876, "jukebox": 877, "jungle_boat": 878, "jungle_button": 879, "jungle_chest_boat": 880, "jungle_door": 881, "jungle_fence": 882, "jungle_fence_gate": 883, "jungle_hanging_sign": 884, "jungle_leaves": 885, "jungle_log": 886, "jungle_planks": 887, "jungle_pressure_plate": 888, "jungle_sapling": 889, "jungle_sign": 890, "jungle_slab": 891, "jungle_stairs": 892, "jungle_trapdoor": 893, "jungle_wood": 894, "kelp": 895, "knowledge_book": 896, "ladder": 897, "lantern": 898, "lapis_block": 899, "lapis_lazuli": 900, "lapis_ore": 901, "large_amethyst_bud": 902, "large_fern": 903, "lava_bucket": 904, "lead": 905, "leather": 906, "leather_boots": 907, "leather_boots_amethyst_trim": 908, "leather_boots_copper_trim": 909, "leather_boots_diamond_trim": 910, "leather_boots_emerald_trim": 911, "leather_boots_gold_trim": 912, "leather_boots_iron_trim": 913, "leather_boots_lapis_trim": 914, "leather_boots_netherite_trim": 915, "leather_boots_quartz_trim": 916, "leather_boots_redstone_trim": 917, "leather_chestplate": 918, "leather_chestplate_amethyst_trim": 919, "leather_chestplate_copper_trim": 920, "leather_chestplate_diamond_trim": 921, "leather_chestplate_emerald_trim": 922, "leather_chestplate_gold_trim": 923, "leather_chestplate_iron_trim": 924, "leather_chestplate_lapis_trim": 925, "leather_chestplate_netherite_trim": 926, "leather_chestplate_quartz_trim": 927, "leather_chestplate_redstone_trim": 928, "leather_helmet": 929, "leather_helmet_amethyst_trim": 930, "leather_helmet_copper_trim": 931, "leather_helmet_diamond_trim": 932, "leather_helmet_emerald_trim": 933, "leather_helmet_gold_trim": 934, "leather_helmet_iron_trim": 935, "leather_helmet_lapis_trim": 936, "leather_helmet_netherite_trim": 937, "leather_helmet_quartz_trim": 938, "leather_helmet_redstone_trim": 939, "leather_horse_armor": 940, "leather_leggings": 941, "leather_leggings_amethyst_trim": 942, "leather_leggings_copper_trim": 943, "leather_leggings_diamond_trim": 944, "leather_leggings_emerald_trim": 945, "leather_leggings_gold_trim": 946, "leather_leggings_iron_trim": 947, "leather_leggings_lapis_trim": 948, "leather_leggings_netherite_trim": 949, "leather_leggings_quartz_trim": 950, "leather_leggings_redstone_trim": 951, "lectern": 952, "lever": 953, "light": 954, "lightning_rod": 955, "light_00": 956, "light_01": 957, "light_02": 958, "light_03": 959, "light_04": 960, "light_05": 961, "light_06": 962, "light_07": 963, "light_08": 964, "light_09": 965, "light_10": 966, "light_11": 967, "light_12": 968, "light_13": 969, "light_14": 970, "light_15": 971, "light_blue_banner": 972, "light_blue_bed": 973, "light_blue_candle": 974, "light_blue_carpet": 975, "light_blue_concrete": 976, "light_blue_concrete_powder": 977, "light_blue_dye": 978, "light_blue_glazed_terracotta": 979, "light_blue_shulker_box": 980, "light_blue_stained_glass": 981, "light_blue_stained_glass_pane": 982, "light_blue_terracotta": 983, "light_blue_wool": 984, "light_gray_banner": 985, "light_gray_bed": 986, "light_gray_candle": 987, "light_gray_carpet": 988, "light_gray_concrete": 989, "light_gray_concrete_powder": 990, "light_gray_dye": 991, "light_gray_glazed_terracotta": 992, "light_gray_shulker_box": 993, "light_gray_stained_glass": 994, "light_gray_stained_glass_pane": 995, "light_gray_terracotta": 996, "light_gray_wool": 997, "light_weighted_pressure_plate": 998, "lilac": 999, "lily_of_the_valley": 1000, "lily_pad": 1001, "lime_banner": 1002, "lime_bed": 1003, "lime_candle": 1004, "lime_carpet": 1005, "lime_concrete": 1006, "lime_concrete_powder": 1007, "lime_dye": 1008, "lime_glazed_terracotta": 1009, "lime_shulker_box": 1010, "lime_stained_glass": 1011, "lime_stained_glass_pane": 1012, "lime_terracotta": 1013, "lime_wool": 1014, "lingering_potion": 1015, "llama_spawn_egg": 1016, "lodestone": 1017, "loom": 1018, "mace": 1019, "magenta_banner": 1020, "magenta_bed": 1021, "magenta_candle": 1022, "magenta_carpet": 1023, "magenta_concrete": 1024, "magenta_concrete_powder": 1025, "magenta_dye": 1026, "magenta_glazed_terracotta": 1027, "magenta_shulker_box": 1028, "magenta_stained_glass": 1029, "magenta_stained_glass_pane": 1030, "magenta_terracotta": 1031, "magenta_wool": 1032, "magma_block": 1033, "magma_cream": 1034, "magma_cube_spawn_egg": 1035, "mangrove_boat": 1036, "mangrove_button": 1037, "mangrove_chest_boat": 1038, "mangrove_door": 1039, "mangrove_fence": 1040, "mangrove_fence_gate": 1041, "mangrove_hanging_sign": 1042, "mangrove_leaves": 1043, "mangrove_log": 1044, "mangrove_planks": 1045, "mangrove_pressure_plate": 1046, "mangrove_propagule": 1047, "mangrove_roots": 1048, "mangrove_sign": 1049, "mangrove_slab": 1050, "mangrove_stairs": 1051, "mangrove_trapdoor": 1052, "mangrove_wood": 1053, "map": 1054, "medium_amethyst_bud": 1055, "melon": 1056, "melon_seeds": 1057, "melon_slice": 1058, "milk_bucket": 1059, "minecart": 1060, "miner_pottery_sherd": 1061, "mojang_banner_pattern": 1062, "mooshroom_spawn_egg": 1063, "mossy_cobblestone": 1064, "mossy_cobblestone_slab": 1065, "mossy_cobblestone_stairs": 1066, "mossy_cobblestone_wall": 1067, "mossy_stone_bricks": 1068, "mossy_stone_brick_slab": 1069, "mossy_stone_brick_stairs": 1070, "mossy_stone_brick_wall": 1071, "moss_block": 1072, "moss_carpet": 1073, "mourner_pottery_sherd": 1074, "mud": 1075, "muddy_mangrove_roots": 1076, "mud_bricks": 1077, "mud_brick_slab": 1078, "mud_brick_stairs": 1079, "mud_brick_wall": 1080, "mule_spawn_egg": 1081, "mushroom_stem": 1082, "mushroom_stew": 1083, "music_disc_11": 1084, "music_disc_13": 1085, "music_disc_5": 1086, "music_disc_blocks": 1087, "music_disc_cat": 1088, "music_disc_chirp": 1089, "music_disc_creator": 1090, "music_disc_creator_music_box": 1091, "music_disc_far": 1092, "music_disc_mall": 1093, "music_disc_mellohi": 1094, "music_disc_otherside": 1095, "music_disc_pigstep": 1096, "music_disc_precipice": 1097, "music_disc_relic": 1098, "music_disc_stal": 1099, "music_disc_strad": 1100, "music_disc_wait": 1101, "music_disc_ward": 1102, "mutton": 1103, "mycelium": 1104, "name_tag": 1105, "nautilus_shell": 1106, "netherite_axe": 1107, "netherite_block": 1108, "netherite_boots": 1109, "netherite_boots_amethyst_trim": 1110, "netherite_boots_copper_trim": 1111, "netherite_boots_diamond_trim": 1112, "netherite_boots_emerald_trim": 1113, "netherite_boots_gold_trim": 1114, "netherite_boots_iron_trim": 1115, "netherite_boots_lapis_trim": 1116, "netherite_boots_netherite_darker_trim": 1117, "netherite_boots_quartz_trim": 1118, "netherite_boots_redstone_trim": 1119, "netherite_chestplate": 1120, "netherite_chestplate_amethyst_trim": 1121, "netherite_chestplate_copper_trim": 1122, "netherite_chestplate_diamond_trim": 1123, "netherite_chestplate_emerald_trim": 1124, "netherite_chestplate_gold_trim": 1125, "netherite_chestplate_iron_trim": 1126, "netherite_chestplate_lapis_trim": 1127, "netherite_chestplate_netherite_darker_trim": 1128, "netherite_chestplate_quartz_trim": 1129, "netherite_chestplate_redstone_trim": 1130, "netherite_helmet": 1131, "netherite_helmet_amethyst_trim": 1132, "netherite_helmet_copper_trim": 1133, "netherite_helmet_diamond_trim": 1134, "netherite_helmet_emerald_trim": 1135, "netherite_helmet_gold_trim": 1136, "netherite_helmet_iron_trim": 1137, "netherite_helmet_lapis_trim": 1138, "netherite_helmet_netherite_darker_trim": 1139, "netherite_helmet_quartz_trim": 1140, "netherite_helmet_redstone_trim": 1141, "netherite_hoe": 1142, "netherite_ingot": 1143, "netherite_leggings": 1144, "netherite_leggings_amethyst_trim": 1145, "netherite_leggings_copper_trim": 1146, "netherite_leggings_diamond_trim": 1147, "netherite_leggings_emerald_trim": 1148, "netherite_leggings_gold_trim": 1149, "netherite_leggings_iron_trim": 1150, "netherite_leggings_lapis_trim": 1151, "netherite_leggings_netherite_darker_trim": 1152, "netherite_leggings_quartz_trim": 1153, "netherite_leggings_redstone_trim": 1154, "netherite_pickaxe": 1155, "netherite_scrap": 1156, "netherite_shovel": 1157, "netherite_sword": 1158, "netherite_upgrade_smithing_template": 1159, "netherrack": 1160, "nether_brick": 1161, "nether_bricks": 1162, "nether_brick_fence": 1163, "nether_brick_slab": 1164, "nether_brick_stairs": 1165, "nether_brick_wall": 1166, "nether_gold_ore": 1167, "nether_quartz_ore": 1168, "nether_sprouts": 1169, "nether_star": 1170, "nether_wart": 1171, "nether_wart_block": 1172, "note_block": 1173, "oak_boat": 1174, "oak_button": 1175, "oak_chest_boat": 1176, "oak_door": 1177, "oak_fence": 1178, "oak_fence_gate": 1179, "oak_hanging_sign": 1180, "oak_leaves": 1181, "oak_log": 1182, "oak_planks": 1183, "oak_pressure_plate": 1184, "oak_sapling": 1185, "oak_sign": 1186, "oak_slab": 1187, "oak_stairs": 1188, "oak_trapdoor": 1189, "oak_wood": 1190, "observer": 1191, "obsidian": 1192, "ocelot_spawn_egg": 1193, "ochre_froglight": 1194, "ominous_bottle": 1195, "ominous_trial_key": 1196, "orange_banner": 1197, "orange_bed": 1198, "orange_candle": 1199, "orange_carpet": 1200, "orange_concrete": 1201, "orange_concrete_powder": 1202, "orange_dye": 1203, "orange_glazed_terracotta": 1204, "orange_shulker_box": 1205, "orange_stained_glass": 1206, "orange_stained_glass_pane": 1207, "orange_terracotta": 1208, "orange_tulip": 1209, "orange_wool": 1210, "oxeye_daisy": 1211, "oxidized_chiseled_copper": 1212, "oxidized_copper": 1213, "oxidized_copper_bulb": 1214, "oxidized_copper_door": 1215, "oxidized_copper_grate": 1216, "oxidized_copper_trapdoor": 1217, "oxidized_cut_copper": 1218, "oxidized_cut_copper_slab": 1219, "oxidized_cut_copper_stairs": 1220, "packed_ice": 1221, "packed_mud": 1222, "painting": 1223, "panda_spawn_egg": 1224, "paper": 1225, "parrot_spawn_egg": 1226, "pearlescent_froglight": 1227, "peony": 1228, "petrified_oak_slab": 1229, "phantom_membrane": 1230, "phantom_spawn_egg": 1231, "piglin_banner_pattern": 1232, "piglin_brute_spawn_egg": 1233, "piglin_head": 1234, "piglin_spawn_egg": 1235, "pig_spawn_egg": 1236, "pillager_spawn_egg": 1237, "pink_banner": 1238, "pink_bed": 1239, "pink_candle": 1240, "pink_carpet": 1241, "pink_concrete": 1242, "pink_concrete_powder": 1243, "pink_dye": 1244, "pink_glazed_terracotta": 1245, "pink_petals": 1246, "pink_shulker_box": 1247, "pink_stained_glass": 1248, "pink_stained_glass_pane": 1249, "pink_terracotta": 1250, "pink_tulip": 1251, "pink_wool": 1252, "piston": 1253, "pitcher_plant": 1254, "pitcher_pod": 1255, "player_head": 1256, "plenty_pottery_sherd": 1257, "podzol": 1258, "pointed_dripstone": 1259, "poisonous_potato": 1260, "polar_bear_spawn_egg": 1261, "polished_andesite": 1262, "polished_andesite_slab": 1263, "polished_andesite_stairs": 1264, "polished_basalt": 1265, "polished_blackstone": 1266, "polished_blackstone_bricks": 1267, "polished_blackstone_brick_slab": 1268, "polished_blackstone_brick_stairs": 1269, "polished_blackstone_brick_wall": 1270, "polished_blackstone_button": 1271, "polished_blackstone_pressure_plate": 1272, "polished_blackstone_slab": 1273, "polished_blackstone_stairs": 1274, "polished_blackstone_wall": 1275, "polished_deepslate": 1276, "polished_deepslate_slab": 1277, "polished_deepslate_stairs": 1278, "polished_deepslate_wall": 1279, "polished_diorite": 1280, "polished_diorite_slab": 1281, "polished_diorite_stairs": 1282, "polished_granite": 1283, "polished_granite_slab": 1284, "polished_granite_stairs": 1285, "polished_tuff": 1286, "polished_tuff_slab": 1287, "polished_tuff_stairs": 1288, "polished_tuff_wall": 1289, "popped_chorus_fruit": 1290, "poppy": 1291, "porkchop": 1292, "potato": 1293, "potion": 1294, "powder_snow_bucket": 1295, "powered_rail": 1296, "prismarine": 1297, "prismarine_bricks": 1298, "prismarine_brick_slab": 1299, "prismarine_brick_stairs": 1300, "prismarine_crystals": 1301, "prismarine_shard": 1302, "prismarine_slab": 1303, "prismarine_stairs": 1304, "prismarine_wall": 1305, "prize_pottery_sherd": 1306, "pufferfish": 1307, "pufferfish_bucket": 1308, "pufferfish_spawn_egg": 1309, "pumpkin": 1310, "pumpkin_pie": 1311, "pumpkin_seeds": 1312, "purple_banner": 1313, "purple_bed": 1314, "purple_candle": 1315, "purple_carpet": 1316, "purple_concrete": 1317, "purple_concrete_powder": 1318, "purple_dye": 1319, "purple_glazed_terracotta": 1320, "purple_shulker_box": 1321, "purple_stained_glass": 1322, "purple_stained_glass_pane": 1323, "purple_terracotta": 1324, "purple_wool": 1325, "purpur_block": 1326, "purpur_pillar": 1327, "purpur_slab": 1328, "purpur_stairs": 1329, "quartz": 1330, "quartz_block": 1331, "quartz_bricks": 1332, "quartz_pillar": 1333, "quartz_slab": 1334, "quartz_stairs": 1335, "rabbit": 1336, "rabbit_foot": 1337, "rabbit_hide": 1338, "rabbit_spawn_egg": 1339, "rabbit_stew": 1340, "rail": 1341, "raiser_armor_trim_smithing_template": 1342, "ravager_spawn_egg": 1343, "raw_copper": 1344, "raw_copper_block": 1345, "raw_gold": 1346, "raw_gold_block": 1347, "raw_iron": 1348, "raw_iron_block": 1349, "recovery_compass": 1350, "recovery_compass_00": 1351, "recovery_compass_01": 1352, "recovery_compass_02": 1353, "recovery_compass_03": 1354, "recovery_compass_04": 1355, "recovery_compass_05": 1356, "recovery_compass_06": 1357, "recovery_compass_07": 1358, "recovery_compass_08": 1359, "recovery_compass_09": 1360, "recovery_compass_10": 1361, "recovery_compass_11": 1362, "recovery_compass_12": 1363, "recovery_compass_13": 1364, "recovery_compass_14": 1365, "recovery_compass_15": 1366, "recovery_compass_17": 1367, "recovery_compass_18": 1368, "recovery_compass_19": 1369, "recovery_compass_20": 1370, "recovery_compass_21": 1371, "recovery_compass_22": 1372, "recovery_compass_23": 1373, "recovery_compass_24": 1374, "recovery_compass_25": 1375, "recovery_compass_26": 1376, "recovery_compass_27": 1377, "recovery_compass_28": 1378, "recovery_compass_29": 1379, "recovery_compass_30": 1380, "recovery_compass_31": 1381, "redstone": 1382, "redstone_block": 1383, "redstone_lamp": 1384, "redstone_ore": 1385, "redstone_torch": 1386, "red_banner": 1387, "red_bed": 1388, "red_candle": 1389, "red_carpet": 1390, "red_concrete": 1391, "red_concrete_powder": 1392, "red_dye": 1393, "red_glazed_terracotta": 1394, "red_mushroom": 1395, "red_mushroom_block": 1396, "red_nether_bricks": 1397, "red_nether_brick_slab": 1398, "red_nether_brick_stairs": 1399, "red_nether_brick_wall": 1400, "red_sand": 1401, "red_sandstone": 1402, "red_sandstone_slab": 1403, "red_sandstone_stairs": 1404, "red_sandstone_wall": 1405, "red_shulker_box": 1406, "red_stained_glass": 1407, "red_stained_glass_pane": 1408, "red_terracotta": 1409, "red_tulip": 1410, "red_wool": 1411, "reinforced_deepslate": 1412, "repeater": 1413, "repeating_command_block": 1414, "respawn_anchor": 1415, "rib_armor_trim_smithing_template": 1416, "rooted_dirt": 1417, "rose_bush": 1418, "rotten_flesh": 1419, "saddle": 1420, "salmon": 1421, "salmon_bucket": 1422, "salmon_spawn_egg": 1423, "sand": 1424, "sandstone": 1425, "sandstone_slab": 1426, "sandstone_stairs": 1427, "sandstone_wall": 1428, "scaffolding": 1429, "scrape_pottery_sherd": 1430, "sculk": 1431, "sculk_catalyst": 1432, "sculk_sensor": 1433, "sculk_shrieker": 1434, "sculk_vein": 1435, "seagrass": 1436, "sea_lantern": 1437, "sea_pickle": 1438, "sentry_armor_trim_smithing_template": 1439, "shaper_armor_trim_smithing_template": 1440, "sheaf_pottery_sherd": 1441, "shears": 1442, "sheep_spawn_egg": 1443, "shelter_pottery_sherd": 1444, "shield": 1445, "shield_blocking": 1446, "short_grass": 1447, "shroomlight": 1448, "shulker_box": 1449, "shulker_shell": 1450, "shulker_spawn_egg": 1451, "silence_armor_trim_smithing_template": 1452, "silverfish_spawn_egg": 1453, "skeleton_horse_spawn_egg": 1454, "skeleton_skull": 1455, "skeleton_spawn_egg": 1456, "skull_banner_pattern": 1457, "skull_pottery_sherd": 1458, "slime_ball": 1459, "slime_block": 1460, "slime_spawn_egg": 1461, "small_amethyst_bud": 1462, "small_dripleaf": 1463, "smithing_table": 1464, "smoker": 1465, "smooth_basalt": 1466, "smooth_quartz": 1467, "smooth_quartz_slab": 1468, "smooth_quartz_stairs": 1469, "smooth_red_sandstone": 1470, "smooth_red_sandstone_slab": 1471, "smooth_red_sandstone_stairs": 1472, "smooth_sandstone": 1473, "smooth_sandstone_slab": 1474, "smooth_sandstone_stairs": 1475, "smooth_stone": 1476, "smooth_stone_slab": 1477, "sniffer_egg": 1478, "sniffer_spawn_egg": 1479, "snort_pottery_sherd": 1480, "snout_armor_trim_smithing_template": 1481, "snow": 1482, "snowball": 1483, "snow_block": 1484, "snow_golem_spawn_egg": 1485, "soul_campfire": 1486, "soul_lantern": 1487, "soul_sand": 1488, "soul_soil": 1489, "soul_torch": 1490, "spawner": 1491, "spectral_arrow": 1492, "spider_eye": 1493, "spider_spawn_egg": 1494, "spire_armor_trim_smithing_template": 1495, "splash_potion": 1496, "sponge": 1497, "spore_blossom": 1498, "spruce_boat": 1499, "spruce_button": 1500, "spruce_chest_boat": 1501, "spruce_door": 1502, "spruce_fence": 1503, "spruce_fence_gate": 1504, "spruce_hanging_sign": 1505, "spruce_leaves": 1506, "spruce_log": 1507, "spruce_planks": 1508, "spruce_pressure_plate": 1509, "spruce_sapling": 1510, "spruce_sign": 1511, "spruce_slab": 1512, "spruce_stairs": 1513, "spruce_trapdoor": 1514, "spruce_wood": 1515, "spyglass": 1516, "spyglass_in_hand": 1517, "squid_spawn_egg": 1518, "stick": 1519, "sticky_piston": 1520, "stone": 1521, "stonecutter": 1522, "stone_axe": 1523, "stone_bricks": 1524, "stone_brick_slab": 1525, "stone_brick_stairs": 1526, "stone_brick_wall": 1527, "stone_button": 1528, "stone_hoe": 1529, "stone_pickaxe": 1530, "stone_pressure_plate": 1531, "stone_shovel": 1532, "stone_slab": 1533, "stone_stairs": 1534, "stone_sword": 1535, "stray_spawn_egg": 1536, "strider_spawn_egg": 1537, "string": 1538, "stripped_acacia_log": 1539, "stripped_acacia_wood": 1540, "stripped_bamboo_block": 1541, "stripped_birch_log": 1542, "stripped_birch_wood": 1543, "stripped_cherry_log": 1544, "stripped_cherry_wood": 1545, "stripped_crimson_hyphae": 1546, "stripped_crimson_stem": 1547, "stripped_dark_oak_log": 1548, "stripped_dark_oak_wood": 1549, "stripped_jungle_log": 1550, "stripped_jungle_wood": 1551, "stripped_mangrove_log": 1552, "stripped_mangrove_wood": 1553, "stripped_oak_log": 1554, "stripped_oak_wood": 1555, "stripped_spruce_log": 1556, "stripped_spruce_wood": 1557, "stripped_warped_hyphae": 1558, "stripped_warped_stem": 1559, "structure_block": 1560, "structure_void": 1561, "sugar": 1562, "sugar_cane": 1563, "sunflower": 1564, "suspicious_gravel": 1565, "suspicious_sand": 1566, "suspicious_stew": 1567, "sweet_berries": 1568, "tadpole_bucket": 1569, "tadpole_spawn_egg": 1570, "tall_grass": 1571, "target": 1572, "template_banner": 1573, "template_bed": 1574, "template_music_disc": 1575, "template_shulker_box": 1576, "template_skull": 1577, "template_spawn_egg": 1578, "terracotta": 1579, "tide_armor_trim_smithing_template": 1580, "tinted_glass": 1581, "tipped_arrow": 1582, "tnt": 1583, "tnt_minecart": 1584, "tooting_goat_horn": 1585, "torch": 1586, "torchflower": 1587, "torchflower_seeds": 1588, "totem_of_undying": 1589, "trader_llama_spawn_egg": 1590, "trapped_chest": 1591, "trial_key": 1592, "trial_spawner": 1593, "trident": 1594, "trident_in_hand": 1595, "trident_throwing": 1596, "tripwire_hook": 1597, "tropical_fish": 1598, "tropical_fish_bucket": 1599, "tropical_fish_spawn_egg": 1600, "tube_coral": 1601, "tube_coral_block": 1602, "tube_coral_fan": 1603, "tuff": 1604, "tuff_bricks": 1605, "tuff_brick_slab": 1606, "tuff_brick_stairs": 1607, "tuff_brick_wall": 1608, "tuff_slab": 1609, "tuff_stairs": 1610, "tuff_wall": 1611, "turtle_egg": 1612, "turtle_helmet": 1613, "turtle_helmet_amethyst_trim": 1614, "turtle_helmet_copper_trim": 1615, "turtle_helmet_diamond_trim": 1616, "turtle_helmet_emerald_trim": 1617, "turtle_helmet_gold_trim": 1618, "turtle_helmet_iron_trim": 1619, "turtle_helmet_lapis_trim": 1620, "turtle_helmet_netherite_trim": 1621, "turtle_helmet_quartz_trim": 1622, "turtle_helmet_redstone_trim": 1623, "turtle_scute": 1624, "turtle_spawn_egg": 1625, "twisting_vines": 1626, "vault": 1627, "verdant_froglight": 1628, "vex_armor_trim_smithing_template": 1629, "vex_spawn_egg": 1630, "villager_spawn_egg": 1631, "vindicator_spawn_egg": 1632, "vine": 1633, "wandering_trader_spawn_egg": 1634, "warden_spawn_egg": 1635, "ward_armor_trim_smithing_template": 1636, "warped_button": 1637, "warped_door": 1638, "warped_fence": 1639, "warped_fence_gate": 1640, "warped_fungus": 1641, "warped_fungus_on_a_stick": 1642, "warped_hanging_sign": 1643, "warped_hyphae": 1644, "warped_nylium": 1645, "warped_planks": 1646, "warped_pressure_plate": 1647, "warped_roots": 1648, "warped_sign": 1649, "warped_slab": 1650, "warped_stairs": 1651, "warped_stem": 1652, "warped_trapdoor": 1653, "warped_wart_block": 1654, "water_bucket": 1655, "waxed_chiseled_copper": 1656, "waxed_copper_block": 1657, "waxed_copper_bulb": 1658, "waxed_copper_door": 1659, "waxed_copper_grate": 1660, "waxed_copper_trapdoor": 1661, "waxed_cut_copper": 1662, "waxed_cut_copper_slab": 1663, "waxed_cut_copper_stairs": 1664, "waxed_exposed_chiseled_copper": 1665, "waxed_exposed_copper": 1666, "waxed_exposed_copper_bulb": 1667, "waxed_exposed_copper_door": 1668, "waxed_exposed_copper_grate": 1669, "waxed_exposed_copper_trapdoor": 1670, "waxed_exposed_cut_copper": 1671, "waxed_exposed_cut_copper_slab": 1672, "waxed_exposed_cut_copper_stairs": 1673, "waxed_oxidized_chiseled_copper": 1674, "waxed_oxidized_copper": 1675, "waxed_oxidized_copper_bulb": 1676, "waxed_oxidized_copper_door": 1677, "waxed_oxidized_copper_grate": 1678, "waxed_oxidized_copper_trapdoor": 1679, "waxed_oxidized_cut_copper": 1680, "waxed_oxidized_cut_copper_slab": 1681, "waxed_oxidized_cut_copper_stairs": 1682, "waxed_weathered_chiseled_copper": 1683, "waxed_weathered_copper": 1684, "waxed_weathered_copper_bulb": 1685, "waxed_weathered_copper_door": 1686, "waxed_weathered_copper_grate": 1687, "waxed_weathered_copper_trapdoor": 1688, "waxed_weathered_cut_copper": 1689, "waxed_weathered_cut_copper_slab": 1690, "waxed_weathered_cut_copper_stairs": 1691, "wayfinder_armor_trim_smithing_template": 1692, "weathered_chiseled_copper": 1693, "weathered_copper": 1694, "weathered_copper_bulb": 1695, "weathered_copper_door": 1696, "weathered_copper_grate": 1697, "weathered_copper_trapdoor": 1698, "weathered_cut_copper": 1699, "weathered_cut_copper_slab": 1700, "weathered_cut_copper_stairs": 1701, "weeping_vines": 1702, "wet_sponge": 1703, "wheat": 1704, "wheat_seeds": 1705, "white_banner": 1706, "white_bed": 1707, "white_candle": 1708, "white_carpet": 1709, "white_concrete": 1710, "white_concrete_powder": 1711, "white_dye": 1712, "white_glazed_terracotta": 1713, "white_shulker_box": 1714, "white_stained_glass": 1715, "white_stained_glass_pane": 1716, "white_terracotta": 1717, "white_tulip": 1718, "white_wool": 1719, "wild_armor_trim_smithing_template": 1720, "wind_charge": 1721, "witch_spawn_egg": 1722, "wither_rose": 1723, "wither_skeleton_skull": 1724, "wither_skeleton_spawn_egg": 1725, "wither_spawn_egg": 1726, "wolf_armor": 1727, "wolf_spawn_egg": 1728, "wooden_axe": 1729, "wooden_hoe": 1730, "wooden_pickaxe": 1731, "wooden_shovel": 1732, "wooden_sword": 1733, "writable_book": 1734, "written_book": 1735, "yellow_banner": 1736, "yellow_bed": 1737, "yellow_candle": 1738, "yellow_carpet": 1739, "yellow_concrete": 1740, "yellow_concrete_powder": 1741, "yellow_dye": 1742, "yellow_glazed_terracotta": 1743, "yellow_shulker_box": 1744, "yellow_stained_glass": 1745, "yellow_stained_glass_pane": 1746, "yellow_terracotta": 1747, "yellow_wool": 1748, "zoglin_spawn_egg": 1749, "zombie_head": 1750, "zombie_horse_spawn_egg": 1751, "zombie_spawn_egg": 1752, "zombie_villager_spawn_egg": 1753, "zombified_piglin_spawn_egg": 1754}