{"1": "acacia_boat", "2": "acacia_button", "3": "acacia_chest_boat", "4": "acacia_door", "5": "acacia_fence", "6": "acacia_fence_gate", "7": "acacia_hanging_sign", "8": "acacia_leaves", "9": "acacia_log", "10": "acacia_planks", "11": "acacia_pressure_plate", "12": "acacia_sapling", "13": "acacia_sign", "14": "acacia_slab", "15": "acacia_stairs", "16": "acacia_trapdoor", "17": "acacia_wood", "18": "activator_rail", "19": "air", "20": "allay_spawn_egg", "21": "allium", "22": "amethyst_block", "23": "amethyst_bud", "24": "amethyst_cluster", "25": "amethyst_shard", "26": "ancient_debris", "27": "andesite", "28": "andesite_slab", "29": "andesite_stairs", "30": "andesite_wall", "31": "angler_pottery_sherd", "32": "anvil", "33": "apple", "34": "archer_pottery_sherd", "35": "armadillo_scute", "36": "armadillo_spawn_egg", "37": "armor_stand", "38": "arms_up_pottery_sherd", "39": "arrow", "40": "axolotl_bucket", "41": "axolotl_spawn_egg", "42": "azalea", "43": "azalea_leaves", "44": "azure_bluet", "45": "baked_potato", "46": "bamboo", "47": "bamboo_block", "48": "bamboo_button", "49": "bamboo_chest_raft", "50": "bamboo_door", "51": "bamboo_fence", "52": "bamboo_fence_gate", "53": "bamboo_hanging_sign", "54": "bamboo_mosaic", "55": "bamboo_mosaic_slab", "56": "bamboo_mosaic_stairs", "57": "bamboo_planks", "58": "bamboo_pressure_plate", "59": "bamboo_raft", "60": "bamboo_sign", "61": "bamboo_slab", "62": "bamboo_stairs", "63": "bamboo_trapdoor", "64": "barrel", "65": "barrier", "66": "basalt", "67": "bat_spawn_egg", "68": "beacon", "69": "bedrock", "70": "beef", "71": "beehive", "72": "beetroot", "73": "beetroot_seeds", "74": "beetroot_soup", "75": "bee_nest", "76": "bee_spawn_egg", "77": "bell", "78": "big_dripleaf", "79": "birch_boat", "80": "birch_button", "81": "birch_chest_boat", "82": "birch_door", "83": "birch_fence", "84": "birch_fence_gate", "85": "birch_hanging_sign", "86": "birch_leaves", "87": "birch_log", "88": "birch_planks", "89": "birch_pressure_plate", "90": "birch_sapling", "91": "birch_sign", "92": "birch_slab", "93": "birch_stairs", "94": "birch_trapdoor", "95": "birch_wood", "96": "blackstone", "97": "blackstone_slab", "98": "blackstone_stairs", "99": "blackstone_wall", "100": "black_banner", "101": "black_bed", "102": "black_candle", "103": "black_carpet", "104": "black_concrete", "105": "black_concrete_powder", "106": "black_dye", "107": "black_glazed_terracotta", "108": "black_shulker_box", "109": "black_stained_glass", "110": "black_stained_glass_pane", "111": "black_terracotta", "112": "black_wool", "113": "blade_pottery_sherd", "114": "blast_furnace", "115": "blaze_powder", "116": "blaze_rod", "117": "blaze_spawn_egg", "118": "blue_banner", "119": "blue_bed", "120": "blue_candle", "121": "blue_carpet", "122": "blue_concrete", "123": "blue_concrete_powder", "124": "blue_dye", "125": "blue_glazed_terracotta", "126": "blue_ice", "127": "blue_orchid", "128": "blue_shulker_box", "129": "blue_stained_glass", "130": "blue_stained_glass_pane", "131": "blue_terracotta", "132": "blue_wool", "133": "bogged_spawn_egg", "134": "bolt_armor_trim_smithing_template", "135": "bone", "136": "bone_block", "137": "bone_meal", "138": "book", "139": "bookshelf", "140": "bow", "141": "bowl", "142": "bow_pulling_0", "143": "bow_pulling_1", "144": "bow_pulling_2", "145": "brain_coral", "146": "brain_coral_block", "147": "brain_coral_fan", "148": "bread", "149": "breeze_rod", "150": "breeze_spawn_egg", "151": "brewer_pottery_sherd", "152": "brewing_stand", "153": "brick", "154": "bricks", "155": "brick_slab", "156": "brick_stairs", "157": "brick_wall", "158": "broken_elytra", "159": "brown_banner", "160": "brown_bed", "161": "brown_candle", "162": "brown_carpet", "163": "brown_concrete", "164": "brown_concrete_powder", "165": "brown_dye", "166": "brown_glazed_terracotta", "167": "brown_mushroom", "168": "brown_mushroom_block", "169": "brown_shulker_box", "170": "brown_stained_glass", "171": "brown_stained_glass_pane", "172": "brown_terracotta", "173": "brown_wool", "174": "brush", "175": "brush_brushing_0", "176": "brush_brushing_1", "177": "brush_brushing_2", "178": "bubble_coral", "179": "bubble_coral_block", "180": "bubble_coral_fan", "181": "bucket", "182": "budding_amethyst", "183": "bundle", "184": "bundle_filled", "185": "burn_pottery_sherd", "186": "cactus", "187": "cake", "188": "calcite", "189": "calibrated_sculk_sensor", "190": "camel_spawn_egg", "191": "campfire", "192": "candle", "193": "carrot", "194": "carrot_on_a_stick", "195": "cartography_table", "196": "carved_pumpkin", "197": "cat_spawn_egg", "198": "cauldron", "199": "cave_spider_spawn_egg", "200": "chain", "201": "chainmail_boots", "202": "chainmail_boots_amethyst_trim", "203": "chainmail_boots_copper_trim", "204": "chainmail_boots_diamond_trim", "205": "chainmail_boots_emerald_trim", "206": "chainmail_boots_gold_trim", "207": "chainmail_boots_iron_trim", "208": "chainmail_boots_lapis_trim", "209": "chainmail_boots_netherite_trim", "210": "chainmail_boots_quartz_trim", "211": "chainmail_boots_redstone_trim", "212": "chainmail_chestplate", "213": "chainmail_chestplate_amethyst_trim", "214": "chainmail_chestplate_copper_trim", "215": "chainmail_chestplate_diamond_trim", "216": "chainmail_chestplate_emerald_trim", "217": "chainmail_chestplate_gold_trim", "218": "chainmail_chestplate_iron_trim", "219": "chainmail_chestplate_lapis_trim", "220": "chainmail_chestplate_netherite_trim", "221": "chainmail_chestplate_quartz_trim", "222": "chainmail_chestplate_redstone_trim", "223": "chainmail_helmet", "224": "chainmail_helmet_amethyst_trim", "225": "chainmail_helmet_copper_trim", "226": "chainmail_helmet_diamond_trim", "227": "chainmail_helmet_emerald_trim", "228": "chainmail_helmet_gold_trim", "229": "chainmail_helmet_iron_trim", "230": "chainmail_helmet_lapis_trim", "231": "chainmail_helmet_netherite_trim", "232": "chainmail_helmet_quartz_trim", "233": "chainmail_helmet_redstone_trim", "234": "chainmail_leggings", "235": "chainmail_leggings_amethyst_trim", "236": "chainmail_leggings_copper_trim", "237": "chainmail_leggings_diamond_trim", "238": "chainmail_leggings_emerald_trim", "239": "chainmail_leggings_gold_trim", "240": "chainmail_leggings_iron_trim", "241": "chainmail_leggings_lapis_trim", "242": "chainmail_leggings_netherite_trim", "243": "chainmail_leggings_quartz_trim", "244": "chainmail_leggings_redstone_trim", "245": "chain_command_block", "246": "charcoal", "247": "cherry_boat", "248": "cherry_button", "249": "cherry_chest_boat", "250": "cherry_door", "251": "cherry_fence", "252": "cherry_fence_gate", "253": "cherry_hanging_sign", "254": "cherry_leaves", "255": "cherry_log", "256": "cherry_planks", "257": "cherry_pressure_plate", "258": "cherry_sapling", "259": "cherry_sign", "260": "cherry_slab", "261": "cherry_stairs", "262": "cherry_trapdoor", "263": "cherry_wood", "264": "chest", "265": "chest_minecart", "266": "chicken", "267": "chicken_spawn_egg", "268": "chipped_anvil", "269": "chiseled_bookshelf", "270": "chiseled_copper", "271": "chiseled_deepslate", "272": "chiseled_nether_bricks", "273": "chiseled_polished_blackstone", "274": "chiseled_quartz_block", "275": "chiseled_red_sandstone", "276": "chiseled_sandstone", "277": "chiseled_stone_bricks", "278": "chiseled_tuff", "279": "chiseled_tuff_bricks", "280": "chorus_flower", "281": "chorus_fruit", "282": "chorus_plant", "283": "clay", "284": "clay_ball", "285": "clock", "286": "clock_01", "287": "clock_02", "288": "clock_03", "289": "clock_04", "290": "clock_05", "291": "clock_06", "292": "clock_07", "293": "clock_08", "294": "clock_09", "295": "clock_10", "296": "clock_11", "297": "clock_12", "298": "clock_13", "299": "clock_14", "300": "clock_15", "301": "clock_16", "302": "clock_17", "303": "clock_18", "304": "clock_19", "305": "clock_20", "306": "clock_21", "307": "clock_22", "308": "clock_23", "309": "clock_24", "310": "clock_25", "311": "clock_26", "312": "clock_27", "313": "clock_28", "314": "clock_29", "315": "clock_30", "316": "clock_31", "317": "clock_32", "318": "clock_33", "319": "clock_34", "320": "clock_35", "321": "clock_36", "322": "clock_37", "323": "clock_38", "324": "clock_39", "325": "clock_40", "326": "clock_41", "327": "clock_42", "328": "clock_43", "329": "clock_44", "330": "clock_45", "331": "clock_46", "332": "clock_47", "333": "clock_48", "334": "clock_49", "335": "clock_50", "336": "clock_51", "337": "clock_52", "338": "clock_53", "339": "clock_54", "340": "clock_55", "341": "clock_56", "342": "clock_57", "343": "clock_58", "344": "clock_59", "345": "clock_60", "346": "clock_61", "347": "clock_62", "348": "clock_63", "349": "coal", "350": "coal_block", "351": "coal_ore", "352": "coarse_dirt", "353": "coast_armor_trim_smithing_template", "354": "cobbled_deepslate", "355": "cobbled_deepslate_slab", "356": "cobbled_deepslate_stairs", "357": "cobbled_deepslate_wall", "358": "cobblestone", "359": "cobblestone_slab", "360": "cobblestone_stairs", "361": "cobblestone_wall", "362": "cobweb", "363": "cocoa_beans", "364": "cod", "365": "cod_bucket", "366": "cod_spawn_egg", "367": "command_block", "368": "command_block_minecart", "369": "comparator", "370": "compass", "371": "compass_00", "372": "compass_01", "373": "compass_02", "374": "compass_03", "375": "compass_04", "376": "compass_05", "377": "compass_06", "378": "compass_07", "379": "compass_08", "380": "compass_09", "381": "compass_10", "382": "compass_11", "383": "compass_12", "384": "compass_13", "385": "compass_14", "386": "compass_15", "387": "compass_17", "388": "compass_18", "389": "compass_19", "390": "compass_20", "391": "compass_21", "392": "compass_22", "393": "compass_23", "394": "compass_24", "395": "compass_25", "396": "compass_26", "397": "compass_27", "398": "compass_28", "399": "compass_29", "400": "compass_30", "401": "compass_31", "402": "composter", "403": "conduit", "404": "cooked_beef", "405": "cooked_chicken", "406": "cooked_cod", "407": "cooked_mutton", "408": "cooked_porkchop", "409": "cooked_rabbit", "410": "cooked_salmon", "411": "cookie", "412": "copper_block", "413": "copper_bulb", "414": "copper_door", "415": "copper_grate", "416": "copper_ingot", "417": "copper_ore", "418": "copper_trapdoor", "419": "cornflower", "420": "cow_spawn_egg", "421": "cracked_deepslate_bricks", "422": "cracked_deepslate_tiles", "423": "cracked_nether_bricks", "424": "cracked_polished_blackstone_bricks", "425": "cracked_stone_bricks", "426": "crafter", "427": "crafting_table", "428": "creeper_banner_pattern", "429": "creeper_head", "430": "creeper_spawn_egg", "431": "crimson_button", "432": "crimson_door", "433": "crimson_fence", "434": "crimson_fence_gate", "435": "crimson_fungus", "436": "crimson_hanging_sign", "437": "crimson_hyphae", "438": "crimson_nylium", "439": "crimson_planks", "440": "crimson_pressure_plate", "441": "crimson_roots", "442": "crimson_sign", "443": "crimson_slab", "444": "crimson_stairs", "445": "crimson_stem", "446": "crimson_trapdoor", "447": "crossbow", "448": "crossbow_arrow", "449": "crossbow_firework", "450": "crossbow_pulling_0", "451": "crossbow_pulling_1", "452": "crossbow_pulling_2", "453": "crying_obsidian", "454": "cut_copper", "455": "cut_copper_slab", "456": "cut_copper_stairs", "457": "cut_red_sandstone", "458": "cut_red_sandstone_slab", "459": "cut_sandstone", "460": "cut_sandstone_slab", "461": "cyan_banner", "462": "cyan_bed", "463": "cyan_candle", "464": "cyan_carpet", "465": "cyan_concrete", "466": "cyan_concrete_powder", "467": "cyan_dye", "468": "cyan_glazed_terracotta", "469": "cyan_shulker_box", "470": "cyan_stained_glass", "471": "cyan_stained_glass_pane", "472": "cyan_terracotta", "473": "cyan_wool", "474": "damaged_anvil", "475": "dandelion", "476": "danger_pottery_sherd", "477": "dark_oak_boat", "478": "dark_oak_button", "479": "dark_oak_chest_boat", "480": "dark_oak_door", "481": "dark_oak_fence", "482": "dark_oak_fence_gate", "483": "dark_oak_hanging_sign", "484": "dark_oak_leaves", "485": "dark_oak_log", "486": "dark_oak_planks", "487": "dark_oak_pressure_plate", "488": "dark_oak_sapling", "489": "dark_oak_sign", "490": "dark_oak_slab", "491": "dark_oak_stairs", "492": "dark_oak_trapdoor", "493": "dark_oak_wood", "494": "dark_prismarine", "495": "dark_prismarine_slab", "496": "dark_prismarine_stairs", "497": "daylight_detector", "498": "dead_brain_coral", "499": "dead_brain_coral_block", "500": "dead_brain_coral_fan", "501": "dead_bubble_coral", "502": "dead_bubble_coral_block", "503": "dead_bubble_coral_fan", "504": "dead_bush", "505": "dead_fire_coral", "506": "dead_fire_coral_block", "507": "dead_fire_coral_fan", "508": "dead_horn_coral", "509": "dead_horn_coral_block", "510": "dead_horn_coral_fan", "511": "dead_tube_coral", "512": "dead_tube_coral_block", "513": "dead_tube_coral_fan", "514": "debug_stick", "515": "decorated_pot", "516": "deepslate", "517": "deepslate_bricks", "518": "deepslate_brick_slab", "519": "deepslate_brick_stairs", "520": "deepslate_brick_wall", "521": "deepslate_coal_ore", "522": "deepslate_copper_ore", "523": "deepslate_diamond_ore", "524": "deepslate_emerald_ore", "525": "deepslate_gold_ore", "526": "deepslate_iron_ore", "527": "deepslate_lapis_ore", "528": "deepslate_redstone_ore", "529": "deepslate_tiles", "530": "deepslate_tile_slab", "531": "deepslate_tile_stairs", "532": "deepslate_tile_wall", "533": "detector_rail", "534": "diamond", "535": "diamond_axe", "536": "diamond_block", "537": "diamond_boots", "538": "diamond_boots_amethyst_trim", "539": "diamond_boots_copper_trim", "540": "diamond_boots_diamond_darker_trim", "541": "diamond_boots_emerald_trim", "542": "diamond_boots_gold_trim", "543": "diamond_boots_iron_trim", "544": "diamond_boots_lapis_trim", "545": "diamond_boots_netherite_trim", "546": "diamond_boots_quartz_trim", "547": "diamond_boots_redstone_trim", "548": "diamond_chestplate", "549": "diamond_chestplate_amethyst_trim", "550": "diamond_chestplate_copper_trim", "551": "diamond_chestplate_diamond_darker_trim", "552": "diamond_chestplate_emerald_trim", "553": "diamond_chestplate_gold_trim", "554": "diamond_chestplate_iron_trim", "555": "diamond_chestplate_lapis_trim", "556": "diamond_chestplate_netherite_trim", "557": "diamond_chestplate_quartz_trim", "558": "diamond_chestplate_redstone_trim", "559": "diamond_helmet", "560": "diamond_helmet_amethyst_trim", "561": "diamond_helmet_copper_trim", "562": "diamond_helmet_diamond_darker_trim", "563": "diamond_helmet_emerald_trim", "564": "diamond_helmet_gold_trim", "565": "diamond_helmet_iron_trim", "566": "diamond_helmet_lapis_trim", "567": "diamond_helmet_netherite_trim", "568": "diamond_helmet_quartz_trim", "569": "diamond_helmet_redstone_trim", "570": "diamond_hoe", "571": "diamond_horse_armor", "572": "diamond_leggings", "573": "diamond_leggings_amethyst_trim", "574": "diamond_leggings_copper_trim", "575": "diamond_leggings_diamond_darker_trim", "576": "diamond_leggings_emerald_trim", "577": "diamond_leggings_gold_trim", "578": "diamond_leggings_iron_trim", "579": "diamond_leggings_lapis_trim", "580": "diamond_leggings_netherite_trim", "581": "diamond_leggings_quartz_trim", "582": "diamond_leggings_redstone_trim", "583": "diamond_ore", "584": "diamond_pickaxe", "585": "diamond_shovel", "586": "diamond_sword", "587": "diorite", "588": "diorite_slab", "589": "diorite_stairs", "590": "diorite_wall", "591": "dirt", "592": "dirt_path", "593": "disc_fragment_5", "594": "dispenser", "595": "dolphin_spawn_egg", "596": "donkey_spawn_egg", "597": "dragon_breath", "598": "dragon_egg", "599": "dragon_head", "600": "dried_kelp", "601": "dried_kelp_block", "602": "dripstone_block", "603": "dropper", "604": "drowned_spawn_egg", "605": "dune_armor_trim_smithing_template", "606": "echo_shard", "607": "egg", "608": "elder_guardian_spawn_egg", "609": "elytra", "610": "emerald", "611": "emerald_block", "612": "emerald_ore", "613": "enchanted_book", "614": "enchanted_golden_apple", "615": "enchanting_table", "616": "enderman_spawn_egg", "617": "endermite_spawn_egg", "618": "ender_chest", "619": "ender_dragon_spawn_egg", "620": "ender_eye", "621": "ender_pearl", "622": "end_crystal", "623": "end_portal_frame", "624": "end_rod", "625": "end_stone", "626": "end_stone_bricks", "627": "end_stone_brick_slab", "628": "end_stone_brick_stairs", "629": "end_stone_brick_wall", "630": "evoker_spawn_egg", "631": "experience_bottle", "632": "explorer_pottery_sherd", "633": "exposed_chiseled_copper", "634": "exposed_copper", "635": "exposed_copper_bulb", "636": "exposed_copper_door", "637": "exposed_copper_grate", "638": "exposed_copper_trapdoor", "639": "exposed_cut_copper", "640": "exposed_cut_copper_slab", "641": "exposed_cut_copper_stairs", "642": "eye_armor_trim_smithing_template", "643": "farmland", "644": "feather", "645": "fermented_spider_eye", "646": "fern", "647": "filled_map", "648": "firework_rocket", "649": "firework_star", "650": "fire_charge", "651": "fire_coral", "652": "fire_coral_block", "653": "fire_coral_fan", "654": "fishing_rod", "655": "fishing_rod_cast", "656": "fletching_table", "657": "flint", "658": "flint_and_steel", "659": "flowering_azalea", "660": "flowering_azalea_leaves", "661": "flower_banner_pattern", "662": "flower_pot", "663": "flow_armor_trim_smithing_template", "664": "flow_banner_pattern", "665": "flow_pottery_sherd", "666": "fox_spawn_egg", "667": "friend_pottery_sherd", "668": "frogspawn", "669": "frog_spawn_egg", "670": "furnace", "671": "furnace_minecart", "672": "generated", "673": "ghast_spawn_egg", "674": "ghast_tear", "675": "gilded_blackstone", "676": "glass", "677": "glass_bottle", "678": "glass_pane", "679": "glistering_melon_slice", "680": "globe_banner_pattern", "681": "glowstone", "682": "glowstone_dust", "683": "glow_berries", "684": "glow_ink_sac", "685": "glow_item_frame", "686": "glow_lichen", "687": "glow_squid_spawn_egg", "688": "goat_horn", "689": "goat_spawn_egg", "690": "golden_apple", "691": "golden_axe", "692": "golden_boots", "693": "golden_boots_amethyst_trim", "694": "golden_boots_copper_trim", "695": "golden_boots_diamond_trim", "696": "golden_boots_emerald_trim", "697": "golden_boots_gold_darker_trim", "698": "golden_boots_iron_trim", "699": "golden_boots_lapis_trim", "700": "golden_boots_netherite_trim", "701": "golden_boots_quartz_trim", "702": "golden_boots_redstone_trim", "703": "golden_carrot", "704": "golden_chestplate", "705": "golden_chestplate_amethyst_trim", "706": "golden_chestplate_copper_trim", "707": "golden_chestplate_diamond_trim", "708": "golden_chestplate_emerald_trim", "709": "golden_chestplate_gold_darker_trim", "710": "golden_chestplate_iron_trim", "711": "golden_chestplate_lapis_trim", "712": "golden_chestplate_netherite_trim", "713": "golden_chestplate_quartz_trim", "714": "golden_chestplate_redstone_trim", "715": "golden_helmet", "716": "golden_helmet_amethyst_trim", "717": "golden_helmet_copper_trim", "718": "golden_helmet_diamond_trim", "719": "golden_helmet_emerald_trim", "720": "golden_helmet_gold_darker_trim", "721": "golden_helmet_iron_trim", "722": "golden_helmet_lapis_trim", "723": "golden_helmet_netherite_trim", "724": "golden_helmet_quartz_trim", "725": "golden_helmet_redstone_trim", "726": "golden_hoe", "727": "golden_horse_armor", "728": "golden_leggings", "729": "golden_leggings_amethyst_trim", "730": "golden_leggings_copper_trim", "731": "golden_leggings_diamond_trim", "732": "golden_leggings_emerald_trim", "733": "golden_leggings_gold_darker_trim", "734": "golden_leggings_iron_trim", "735": "golden_leggings_lapis_trim", "736": "golden_leggings_netherite_trim", "737": "golden_leggings_quartz_trim", "738": "golden_leggings_redstone_trim", "739": "golden_pickaxe", "740": "golden_shovel", "741": "golden_sword", "742": "gold_block", "743": "gold_ingot", "744": "gold_nugget", "745": "gold_ore", "746": "granite", "747": "granite_slab", "748": "granite_stairs", "749": "granite_wall", "750": "grass_block", "751": "gravel", "752": "gray_banner", "753": "gray_bed", "754": "gray_candle", "755": "gray_carpet", "756": "gray_concrete", "757": "gray_concrete_powder", "758": "gray_dye", "759": "gray_glazed_terracotta", "760": "gray_shulker_box", "761": "gray_stained_glass", "762": "gray_stained_glass_pane", "763": "gray_terracotta", "764": "gray_wool", "765": "green_banner", "766": "green_bed", "767": "green_candle", "768": "green_carpet", "769": "green_concrete", "770": "green_concrete_powder", "771": "green_dye", "772": "green_glazed_terracotta", "773": "green_shulker_box", "774": "green_stained_glass", "775": "green_stained_glass_pane", "776": "green_terracotta", "777": "green_wool", "778": "grindstone", "779": "guardian_spawn_egg", "780": "gunpowder", "781": "guster_banner_pattern", "782": "guster_pottery_sherd", "783": "handheld", "784": "handheld_mace", "785": "handheld_rod", "786": "hanging_roots", "787": "hay_block", "788": "heartbreak_pottery_sherd", "789": "heart_of_the_sea", "790": "heart_pottery_sherd", "791": "heavy_core", "792": "heavy_weighted_pressure_plate", "793": "hoglin_spawn_egg", "794": "honeycomb", "795": "honeycomb_block", "796": "honey_block", "797": "honey_bottle", "798": "hopper", "799": "hopper_minecart", "800": "horn_coral", "801": "horn_coral_block", "802": "horn_coral_fan", "803": "horse_spawn_egg", "804": "host_armor_trim_smithing_template", "805": "howl_pottery_sherd", "806": "husk_spawn_egg", "807": "ice", "808": "infested_chiseled_stone_bricks", "809": "infested_cobblestone", "810": "infested_cracked_stone_bricks", "811": "infested_deepslate", "812": "infested_mossy_stone_bricks", "813": "infested_stone", "814": "infested_stone_bricks", "815": "ink_sac", "816": "iron_axe", "817": "iron_bars", "818": "iron_block", "819": "iron_boots", "820": "iron_boots_amethyst_trim", "821": "iron_boots_copper_trim", "822": "iron_boots_diamond_trim", "823": "iron_boots_emerald_trim", "824": "iron_boots_gold_trim", "825": "iron_boots_iron_darker_trim", "826": "iron_boots_lapis_trim", "827": "iron_boots_netherite_trim", "828": "iron_boots_quartz_trim", "829": "iron_boots_redstone_trim", "830": "iron_chestplate", "831": "iron_chestplate_amethyst_trim", "832": "iron_chestplate_copper_trim", "833": "iron_chestplate_diamond_trim", "834": "iron_chestplate_emerald_trim", "835": "iron_chestplate_gold_trim", "836": "iron_chestplate_iron_darker_trim", "837": "iron_chestplate_lapis_trim", "838": "iron_chestplate_netherite_trim", "839": "iron_chestplate_quartz_trim", "840": "iron_chestplate_redstone_trim", "841": "iron_door", "842": "iron_golem_spawn_egg", "843": "iron_helmet", "844": "iron_helmet_amethyst_trim", "845": "iron_helmet_copper_trim", "846": "iron_helmet_diamond_trim", "847": "iron_helmet_emerald_trim", "848": "iron_helmet_gold_trim", "849": "iron_helmet_iron_darker_trim", "850": "iron_helmet_lapis_trim", "851": "iron_helmet_netherite_trim", "852": "iron_helmet_quartz_trim", "853": "iron_helmet_redstone_trim", "854": "iron_hoe", "855": "iron_horse_armor", "856": "iron_ingot", "857": "iron_leggings", "858": "iron_leggings_amethyst_trim", "859": "iron_leggings_copper_trim", "860": "iron_leggings_diamond_trim", "861": "iron_leggings_emerald_trim", "862": "iron_leggings_gold_trim", "863": "iron_leggings_iron_darker_trim", "864": "iron_leggings_lapis_trim", "865": "iron_leggings_netherite_trim", "866": "iron_leggings_quartz_trim", "867": "iron_leggings_redstone_trim", "868": "iron_nugget", "869": "iron_ore", "870": "iron_pickaxe", "871": "iron_shovel", "872": "iron_sword", "873": "iron_trapdoor", "874": "item_frame", "875": "jack_o_lantern", "876": "jigsaw", "877": "jukebox", "878": "jungle_boat", "879": "jungle_button", "880": "jungle_chest_boat", "881": "jungle_door", "882": "jungle_fence", "883": "jungle_fence_gate", "884": "jungle_hanging_sign", "885": "jungle_leaves", "886": "jungle_log", "887": "jungle_planks", "888": "jungle_pressure_plate", "889": "jungle_sapling", "890": "jungle_sign", "891": "jungle_slab", "892": "jungle_stairs", "893": "jungle_trapdoor", "894": "jungle_wood", "895": "kelp", "896": "knowledge_book", "897": "ladder", "898": "lantern", "899": "lapis_block", "900": "lapis_lazuli", "901": "lapis_ore", "902": "large_amethyst_bud", "903": "large_fern", "904": "lava_bucket", "905": "lead", "906": "leather", "907": "leather_boots", "908": "leather_boots_amethyst_trim", "909": "leather_boots_copper_trim", "910": "leather_boots_diamond_trim", "911": "leather_boots_emerald_trim", "912": "leather_boots_gold_trim", "913": "leather_boots_iron_trim", "914": "leather_boots_lapis_trim", "915": "leather_boots_netherite_trim", "916": "leather_boots_quartz_trim", "917": "leather_boots_redstone_trim", "918": "leather_chestplate", "919": "leather_chestplate_amethyst_trim", "920": "leather_chestplate_copper_trim", "921": "leather_chestplate_diamond_trim", "922": "leather_chestplate_emerald_trim", "923": "leather_chestplate_gold_trim", "924": "leather_chestplate_iron_trim", "925": "leather_chestplate_lapis_trim", "926": "leather_chestplate_netherite_trim", "927": "leather_chestplate_quartz_trim", "928": "leather_chestplate_redstone_trim", "929": "leather_helmet", "930": "leather_helmet_amethyst_trim", "931": "leather_helmet_copper_trim", "932": "leather_helmet_diamond_trim", "933": "leather_helmet_emerald_trim", "934": "leather_helmet_gold_trim", "935": "leather_helmet_iron_trim", "936": "leather_helmet_lapis_trim", "937": "leather_helmet_netherite_trim", "938": "leather_helmet_quartz_trim", "939": "leather_helmet_redstone_trim", "940": "leather_horse_armor", "941": "leather_leggings", "942": "leather_leggings_amethyst_trim", "943": "leather_leggings_copper_trim", "944": "leather_leggings_diamond_trim", "945": "leather_leggings_emerald_trim", "946": "leather_leggings_gold_trim", "947": "leather_leggings_iron_trim", "948": "leather_leggings_lapis_trim", "949": "leather_leggings_netherite_trim", "950": "leather_leggings_quartz_trim", "951": "leather_leggings_redstone_trim", "952": "lectern", "953": "lever", "954": "light", "955": "lightning_rod", "956": "light_00", "957": "light_01", "958": "light_02", "959": "light_03", "960": "light_04", "961": "light_05", "962": "light_06", "963": "light_07", "964": "light_08", "965": "light_09", "966": "light_10", "967": "light_11", "968": "light_12", "969": "light_13", "970": "light_14", "971": "light_15", "972": "light_blue_banner", "973": "light_blue_bed", "974": "light_blue_candle", "975": "light_blue_carpet", "976": "light_blue_concrete", "977": "light_blue_concrete_powder", "978": "light_blue_dye", "979": "light_blue_glazed_terracotta", "980": "light_blue_shulker_box", "981": "light_blue_stained_glass", "982": "light_blue_stained_glass_pane", "983": "light_blue_terracotta", "984": "light_blue_wool", "985": "light_gray_banner", "986": "light_gray_bed", "987": "light_gray_candle", "988": "light_gray_carpet", "989": "light_gray_concrete", "990": "light_gray_concrete_powder", "991": "light_gray_dye", "992": "light_gray_glazed_terracotta", "993": "light_gray_shulker_box", "994": "light_gray_stained_glass", "995": "light_gray_stained_glass_pane", "996": "light_gray_terracotta", "997": "light_gray_wool", "998": "light_weighted_pressure_plate", "999": "lilac", "1000": "lily_of_the_valley", "1001": "lily_pad", "1002": "lime_banner", "1003": "lime_bed", "1004": "lime_candle", "1005": "lime_carpet", "1006": "lime_concrete", "1007": "lime_concrete_powder", "1008": "lime_dye", "1009": "lime_glazed_terracotta", "1010": "lime_shulker_box", "1011": "lime_stained_glass", "1012": "lime_stained_glass_pane", "1013": "lime_terracotta", "1014": "lime_wool", "1015": "lingering_potion", "1016": "llama_spawn_egg", "1017": "lodestone", "1018": "loom", "1019": "mace", "1020": "magenta_banner", "1021": "magenta_bed", "1022": "magenta_candle", "1023": "magenta_carpet", "1024": "magenta_concrete", "1025": "magenta_concrete_powder", "1026": "magenta_dye", "1027": "magenta_glazed_terracotta", "1028": "magenta_shulker_box", "1029": "magenta_stained_glass", "1030": "magenta_stained_glass_pane", "1031": "magenta_terracotta", "1032": "magenta_wool", "1033": "magma_block", "1034": "magma_cream", "1035": "magma_cube_spawn_egg", "1036": "mangrove_boat", "1037": "mangrove_button", "1038": "mangrove_chest_boat", "1039": "mangrove_door", "1040": "mangrove_fence", "1041": "mangrove_fence_gate", "1042": "mangrove_hanging_sign", "1043": "mangrove_leaves", "1044": "mangrove_log", "1045": "mangrove_planks", "1046": "mangrove_pressure_plate", "1047": "mangrove_propagule", "1048": "mangrove_roots", "1049": "mangrove_sign", "1050": "mangrove_slab", "1051": "mangrove_stairs", "1052": "mangrove_trapdoor", "1053": "mangrove_wood", "1054": "map", "1055": "medium_amethyst_bud", "1056": "melon", "1057": "melon_seeds", "1058": "melon_slice", "1059": "milk_bucket", "1060": "minecart", "1061": "miner_pottery_sherd", "1062": "mojang_banner_pattern", "1063": "mooshroom_spawn_egg", "1064": "mossy_cobblestone", "1065": "mossy_cobblestone_slab", "1066": "mossy_cobblestone_stairs", "1067": "mossy_cobblestone_wall", "1068": "mossy_stone_bricks", "1069": "mossy_stone_brick_slab", "1070": "mossy_stone_brick_stairs", "1071": "mossy_stone_brick_wall", "1072": "moss_block", "1073": "moss_carpet", "1074": "mourner_pottery_sherd", "1075": "mud", "1076": "muddy_mangrove_roots", "1077": "mud_bricks", "1078": "mud_brick_slab", "1079": "mud_brick_stairs", "1080": "mud_brick_wall", "1081": "mule_spawn_egg", "1082": "mushroom_stem", "1083": "mushroom_stew", "1084": "music_disc_11", "1085": "music_disc_13", "1086": "music_disc_5", "1087": "music_disc_blocks", "1088": "music_disc_cat", "1089": "music_disc_chirp", "1090": "music_disc_creator", "1091": "music_disc_creator_music_box", "1092": "music_disc_far", "1093": "music_disc_mall", "1094": "music_disc_mellohi", "1095": "music_disc_otherside", "1096": "music_disc_pigstep", "1097": "music_disc_precipice", "1098": "music_disc_relic", "1099": "music_disc_stal", "1100": "music_disc_strad", "1101": "music_disc_wait", "1102": "music_disc_ward", "1103": "mutton", "1104": "mycelium", "1105": "name_tag", "1106": "nautilus_shell", "1107": "netherite_axe", "1108": "netherite_block", "1109": "netherite_boots", "1110": "netherite_boots_amethyst_trim", "1111": "netherite_boots_copper_trim", "1112": "netherite_boots_diamond_trim", "1113": "netherite_boots_emerald_trim", "1114": "netherite_boots_gold_trim", "1115": "netherite_boots_iron_trim", "1116": "netherite_boots_lapis_trim", "1117": "netherite_boots_netherite_darker_trim", "1118": "netherite_boots_quartz_trim", "1119": "netherite_boots_redstone_trim", "1120": "netherite_chestplate", "1121": "netherite_chestplate_amethyst_trim", "1122": "netherite_chestplate_copper_trim", "1123": "netherite_chestplate_diamond_trim", "1124": "netherite_chestplate_emerald_trim", "1125": "netherite_chestplate_gold_trim", "1126": "netherite_chestplate_iron_trim", "1127": "netherite_chestplate_lapis_trim", "1128": "netherite_chestplate_netherite_darker_trim", "1129": "netherite_chestplate_quartz_trim", "1130": "netherite_chestplate_redstone_trim", "1131": "netherite_helmet", "1132": "netherite_helmet_amethyst_trim", "1133": "netherite_helmet_copper_trim", "1134": "netherite_helmet_diamond_trim", "1135": "netherite_helmet_emerald_trim", "1136": "netherite_helmet_gold_trim", "1137": "netherite_helmet_iron_trim", "1138": "netherite_helmet_lapis_trim", "1139": "netherite_helmet_netherite_darker_trim", "1140": "netherite_helmet_quartz_trim", "1141": "netherite_helmet_redstone_trim", "1142": "netherite_hoe", "1143": "netherite_ingot", "1144": "netherite_leggings", "1145": "netherite_leggings_amethyst_trim", "1146": "netherite_leggings_copper_trim", "1147": "netherite_leggings_diamond_trim", "1148": "netherite_leggings_emerald_trim", "1149": "netherite_leggings_gold_trim", "1150": "netherite_leggings_iron_trim", "1151": "netherite_leggings_lapis_trim", "1152": "netherite_leggings_netherite_darker_trim", "1153": "netherite_leggings_quartz_trim", "1154": "netherite_leggings_redstone_trim", "1155": "netherite_pickaxe", "1156": "netherite_scrap", "1157": "netherite_shovel", "1158": "netherite_sword", "1159": "netherite_upgrade_smithing_template", "1160": "netherrack", "1161": "nether_brick", "1162": "nether_bricks", "1163": "nether_brick_fence", "1164": "nether_brick_slab", "1165": "nether_brick_stairs", "1166": "nether_brick_wall", "1167": "nether_gold_ore", "1168": "nether_quartz_ore", "1169": "nether_sprouts", "1170": "nether_star", "1171": "nether_wart", "1172": "nether_wart_block", "1173": "note_block", "1174": "oak_boat", "1175": "oak_button", "1176": "oak_chest_boat", "1177": "oak_door", "1178": "oak_fence", "1179": "oak_fence_gate", "1180": "oak_hanging_sign", "1181": "oak_leaves", "1182": "oak_log", "1183": "oak_planks", "1184": "oak_pressure_plate", "1185": "oak_sapling", "1186": "oak_sign", "1187": "oak_slab", "1188": "oak_stairs", "1189": "oak_trapdoor", "1190": "oak_wood", "1191": "observer", "1192": "obsidian", "1193": "ocelot_spawn_egg", "1194": "ochre_froglight", "1195": "ominous_bottle", "1196": "ominous_trial_key", "1197": "orange_banner", "1198": "orange_bed", "1199": "orange_candle", "1200": "orange_carpet", "1201": "orange_concrete", "1202": "orange_concrete_powder", "1203": "orange_dye", "1204": "orange_glazed_terracotta", "1205": "orange_shulker_box", "1206": "orange_stained_glass", "1207": "orange_stained_glass_pane", "1208": "orange_terracotta", "1209": "orange_tulip", "1210": "orange_wool", "1211": "oxeye_daisy", "1212": "oxidized_chiseled_copper", "1213": "oxidized_copper", "1214": "oxidized_copper_bulb", "1215": "oxidized_copper_door", "1216": "oxidized_copper_grate", "1217": "oxidized_copper_trapdoor", "1218": "oxidized_cut_copper", "1219": "oxidized_cut_copper_slab", "1220": "oxidized_cut_copper_stairs", "1221": "packed_ice", "1222": "packed_mud", "1223": "painting", "1224": "panda_spawn_egg", "1225": "paper", "1226": "parrot_spawn_egg", "1227": "pearlescent_froglight", "1228": "peony", "1229": "petrified_oak_slab", "1230": "phantom_membrane", "1231": "phantom_spawn_egg", "1232": "piglin_banner_pattern", "1233": "piglin_brute_spawn_egg", "1234": "piglin_head", "1235": "piglin_spawn_egg", "1236": "pig_spawn_egg", "1237": "pillager_spawn_egg", "1238": "pink_banner", "1239": "pink_bed", "1240": "pink_candle", "1241": "pink_carpet", "1242": "pink_concrete", "1243": "pink_concrete_powder", "1244": "pink_dye", "1245": "pink_glazed_terracotta", "1246": "pink_petals", "1247": "pink_shulker_box", "1248": "pink_stained_glass", "1249": "pink_stained_glass_pane", "1250": "pink_terracotta", "1251": "pink_tulip", "1252": "pink_wool", "1253": "piston", "1254": "pitcher_plant", "1255": "pitcher_pod", "1256": "player_head", "1257": "plenty_pottery_sherd", "1258": "podzol", "1259": "pointed_dripstone", "1260": "poisonous_potato", "1261": "polar_bear_spawn_egg", "1262": "polished_andesite", "1263": "polished_andesite_slab", "1264": "polished_andesite_stairs", "1265": "polished_basalt", "1266": "polished_blackstone", "1267": "polished_blackstone_bricks", "1268": "polished_blackstone_brick_slab", "1269": "polished_blackstone_brick_stairs", "1270": "polished_blackstone_brick_wall", "1271": "polished_blackstone_button", "1272": "polished_blackstone_pressure_plate", "1273": "polished_blackstone_slab", "1274": "polished_blackstone_stairs", "1275": "polished_blackstone_wall", "1276": "polished_deepslate", "1277": "polished_deepslate_slab", "1278": "polished_deepslate_stairs", "1279": "polished_deepslate_wall", "1280": "polished_diorite", "1281": "polished_diorite_slab", "1282": "polished_diorite_stairs", "1283": "polished_granite", "1284": "polished_granite_slab", "1285": "polished_granite_stairs", "1286": "polished_tuff", "1287": "polished_tuff_slab", "1288": "polished_tuff_stairs", "1289": "polished_tuff_wall", "1290": "popped_chorus_fruit", "1291": "poppy", "1292": "porkchop", "1293": "potato", "1294": "potion", "1295": "powder_snow_bucket", "1296": "powered_rail", "1297": "prismarine", "1298": "prismarine_bricks", "1299": "prismarine_brick_slab", "1300": "prismarine_brick_stairs", "1301": "prismarine_crystals", "1302": "prismarine_shard", "1303": "prismarine_slab", "1304": "prismarine_stairs", "1305": "prismarine_wall", "1306": "prize_pottery_sherd", "1307": "pufferfish", "1308": "pufferfish_bucket", "1309": "pufferfish_spawn_egg", "1310": "pumpkin", "1311": "pumpkin_pie", "1312": "pumpkin_seeds", "1313": "purple_banner", "1314": "purple_bed", "1315": "purple_candle", "1316": "purple_carpet", "1317": "purple_concrete", "1318": "purple_concrete_powder", "1319": "purple_dye", "1320": "purple_glazed_terracotta", "1321": "purple_shulker_box", "1322": "purple_stained_glass", "1323": "purple_stained_glass_pane", "1324": "purple_terracotta", "1325": "purple_wool", "1326": "purpur_block", "1327": "purpur_pillar", "1328": "purpur_slab", "1329": "purpur_stairs", "1330": "quartz", "1331": "quartz_block", "1332": "quartz_bricks", "1333": "quartz_pillar", "1334": "quartz_slab", "1335": "quartz_stairs", "1336": "rabbit", "1337": "rabbit_foot", "1338": "rabbit_hide", "1339": "rabbit_spawn_egg", "1340": "rabbit_stew", "1341": "rail", "1342": "raiser_armor_trim_smithing_template", "1343": "ravager_spawn_egg", "1344": "raw_copper", "1345": "raw_copper_block", "1346": "raw_gold", "1347": "raw_gold_block", "1348": "raw_iron", "1349": "raw_iron_block", "1350": "recovery_compass", "1351": "recovery_compass_00", "1352": "recovery_compass_01", "1353": "recovery_compass_02", "1354": "recovery_compass_03", "1355": "recovery_compass_04", "1356": "recovery_compass_05", "1357": "recovery_compass_06", "1358": "recovery_compass_07", "1359": "recovery_compass_08", "1360": "recovery_compass_09", "1361": "recovery_compass_10", "1362": "recovery_compass_11", "1363": "recovery_compass_12", "1364": "recovery_compass_13", "1365": "recovery_compass_14", "1366": "recovery_compass_15", "1367": "recovery_compass_17", "1368": "recovery_compass_18", "1369": "recovery_compass_19", "1370": "recovery_compass_20", "1371": "recovery_compass_21", "1372": "recovery_compass_22", "1373": "recovery_compass_23", "1374": "recovery_compass_24", "1375": "recovery_compass_25", "1376": "recovery_compass_26", "1377": "recovery_compass_27", "1378": "recovery_compass_28", "1379": "recovery_compass_29", "1380": "recovery_compass_30", "1381": "recovery_compass_31", "1382": "redstone", "1383": "redstone_block", "1384": "redstone_lamp", "1385": "redstone_ore", "1386": "redstone_torch", "1387": "red_banner", "1388": "red_bed", "1389": "red_candle", "1390": "red_carpet", "1391": "red_concrete", "1392": "red_concrete_powder", "1393": "red_dye", "1394": "red_glazed_terracotta", "1395": "red_mushroom", "1396": "red_mushroom_block", "1397": "red_nether_bricks", "1398": "red_nether_brick_slab", "1399": "red_nether_brick_stairs", "1400": "red_nether_brick_wall", "1401": "red_sand", "1402": "red_sandstone", "1403": "red_sandstone_slab", "1404": "red_sandstone_stairs", "1405": "red_sandstone_wall", "1406": "red_shulker_box", "1407": "red_stained_glass", "1408": "red_stained_glass_pane", "1409": "red_terracotta", "1410": "red_tulip", "1411": "red_wool", "1412": "reinforced_deepslate", "1413": "repeater", "1414": "repeating_command_block", "1415": "respawn_anchor", "1416": "rib_armor_trim_smithing_template", "1417": "rooted_dirt", "1418": "rose_bush", "1419": "rotten_flesh", "1420": "saddle", "1421": "salmon", "1422": "salmon_bucket", "1423": "salmon_spawn_egg", "1424": "sand", "1425": "sandstone", "1426": "sandstone_slab", "1427": "sandstone_stairs", "1428": "sandstone_wall", "1429": "scaffolding", "1430": "scrape_pottery_sherd", "1431": "sculk", "1432": "sculk_catalyst", "1433": "sculk_sensor", "1434": "sculk_shrieker", "1435": "sculk_vein", "1436": "seagrass", "1437": "sea_lantern", "1438": "sea_pickle", "1439": "sentry_armor_trim_smithing_template", "1440": "shaper_armor_trim_smithing_template", "1441": "sheaf_pottery_sherd", "1442": "shears", "1443": "sheep_spawn_egg", "1444": "shelter_pottery_sherd", "1445": "shield", "1446": "shield_blocking", "1447": "short_grass", "1448": "shroomlight", "1449": "shulker_box", "1450": "shulker_shell", "1451": "shulker_spawn_egg", "1452": "silence_armor_trim_smithing_template", "1453": "silverfish_spawn_egg", "1454": "skeleton_horse_spawn_egg", "1455": "skeleton_skull", "1456": "skeleton_spawn_egg", "1457": "skull_banner_pattern", "1458": "skull_pottery_sherd", "1459": "slime_ball", "1460": "slime_block", "1461": "slime_spawn_egg", "1462": "small_amethyst_bud", "1463": "small_dripleaf", "1464": "smithing_table", "1465": "smoker", "1466": "smooth_basalt", "1467": "smooth_quartz", "1468": "smooth_quartz_slab", "1469": "smooth_quartz_stairs", "1470": "smooth_red_sandstone", "1471": "smooth_red_sandstone_slab", "1472": "smooth_red_sandstone_stairs", "1473": "smooth_sandstone", "1474": "smooth_sandstone_slab", "1475": "smooth_sandstone_stairs", "1476": "smooth_stone", "1477": "smooth_stone_slab", "1478": "sniffer_egg", "1479": "sniffer_spawn_egg", "1480": "snort_pottery_sherd", "1481": "snout_armor_trim_smithing_template", "1482": "snow", "1483": "snowball", "1484": "snow_block", "1485": "snow_golem_spawn_egg", "1486": "soul_campfire", "1487": "soul_lantern", "1488": "soul_sand", "1489": "soul_soil", "1490": "soul_torch", "1491": "spawner", "1492": "spectral_arrow", "1493": "spider_eye", "1494": "spider_spawn_egg", "1495": "spire_armor_trim_smithing_template", "1496": "splash_potion", "1497": "sponge", "1498": "spore_blossom", "1499": "spruce_boat", "1500": "spruce_button", "1501": "spruce_chest_boat", "1502": "spruce_door", "1503": "spruce_fence", "1504": "spruce_fence_gate", "1505": "spruce_hanging_sign", "1506": "spruce_leaves", "1507": "spruce_log", "1508": "spruce_planks", "1509": "spruce_pressure_plate", "1510": "spruce_sapling", "1511": "spruce_sign", "1512": "spruce_slab", "1513": "spruce_stairs", "1514": "spruce_trapdoor", "1515": "spruce_wood", "1516": "spyglass", "1517": "spyglass_in_hand", "1518": "squid_spawn_egg", "1519": "stick", "1520": "sticky_piston", "1521": "stone", "1522": "stonecutter", "1523": "stone_axe", "1524": "stone_bricks", "1525": "stone_brick_slab", "1526": "stone_brick_stairs", "1527": "stone_brick_wall", "1528": "stone_button", "1529": "stone_hoe", "1530": "stone_pickaxe", "1531": "stone_pressure_plate", "1532": "stone_shovel", "1533": "stone_slab", "1534": "stone_stairs", "1535": "stone_sword", "1536": "stray_spawn_egg", "1537": "strider_spawn_egg", "1538": "string", "1539": "stripped_acacia_log", "1540": "stripped_acacia_wood", "1541": "stripped_bamboo_block", "1542": "stripped_birch_log", "1543": "stripped_birch_wood", "1544": "stripped_cherry_log", "1545": "stripped_cherry_wood", "1546": "stripped_crimson_hyphae", "1547": "stripped_crimson_stem", "1548": "stripped_dark_oak_log", "1549": "stripped_dark_oak_wood", "1550": "stripped_jungle_log", "1551": "stripped_jungle_wood", "1552": "stripped_mangrove_log", "1553": "stripped_mangrove_wood", "1554": "stripped_oak_log", "1555": "stripped_oak_wood", "1556": "stripped_spruce_log", "1557": "stripped_spruce_wood", "1558": "stripped_warped_hyphae", "1559": "stripped_warped_stem", "1560": "structure_block", "1561": "structure_void", "1562": "sugar", "1563": "sugar_cane", "1564": "sunflower", "1565": "suspicious_gravel", "1566": "suspicious_sand", "1567": "suspicious_stew", "1568": "sweet_berries", "1569": "tadpole_bucket", "1570": "tadpole_spawn_egg", "1571": "tall_grass", "1572": "target", "1573": "template_banner", "1574": "template_bed", "1575": "template_music_disc", "1576": "template_shulker_box", "1577": "template_skull", "1578": "template_spawn_egg", "1579": "terracotta", "1580": "tide_armor_trim_smithing_template", "1581": "tinted_glass", "1582": "tipped_arrow", "1583": "tnt", "1584": "tnt_minecart", "1585": "tooting_goat_horn", "1586": "torch", "1587": "torchflower", "1588": "torchflower_seeds", "1589": "totem_of_undying", "1590": "trader_llama_spawn_egg", "1591": "trapped_chest", "1592": "trial_key", "1593": "trial_spawner", "1594": "trident", "1595": "trident_in_hand", "1596": "trident_throwing", "1597": "tripwire_hook", "1598": "tropical_fish", "1599": "tropical_fish_bucket", "1600": "tropical_fish_spawn_egg", "1601": "tube_coral", "1602": "tube_coral_block", "1603": "tube_coral_fan", "1604": "tuff", "1605": "tuff_bricks", "1606": "tuff_brick_slab", "1607": "tuff_brick_stairs", "1608": "tuff_brick_wall", "1609": "tuff_slab", "1610": "tuff_stairs", "1611": "tuff_wall", "1612": "turtle_egg", "1613": "turtle_helmet", "1614": "turtle_helmet_amethyst_trim", "1615": "turtle_helmet_copper_trim", "1616": "turtle_helmet_diamond_trim", "1617": "turtle_helmet_emerald_trim", "1618": "turtle_helmet_gold_trim", "1619": "turtle_helmet_iron_trim", "1620": "turtle_helmet_lapis_trim", "1621": "turtle_helmet_netherite_trim", "1622": "turtle_helmet_quartz_trim", "1623": "turtle_helmet_redstone_trim", "1624": "turtle_scute", "1625": "turtle_spawn_egg", "1626": "twisting_vines", "1627": "vault", "1628": "verdant_froglight", "1629": "vex_armor_trim_smithing_template", "1630": "vex_spawn_egg", "1631": "villager_spawn_egg", "1632": "vindicator_spawn_egg", "1633": "vine", "1634": "wandering_trader_spawn_egg", "1635": "warden_spawn_egg", "1636": "ward_armor_trim_smithing_template", "1637": "warped_button", "1638": "warped_door", "1639": "warped_fence", "1640": "warped_fence_gate", "1641": "warped_fungus", "1642": "warped_fungus_on_a_stick", "1643": "warped_hanging_sign", "1644": "warped_hyphae", "1645": "warped_nylium", "1646": "warped_planks", "1647": "warped_pressure_plate", "1648": "warped_roots", "1649": "warped_sign", "1650": "warped_slab", "1651": "warped_stairs", "1652": "warped_stem", "1653": "warped_trapdoor", "1654": "warped_wart_block", "1655": "water_bucket", "1656": "waxed_chiseled_copper", "1657": "waxed_copper_block", "1658": "waxed_copper_bulb", "1659": "waxed_copper_door", "1660": "waxed_copper_grate", "1661": "waxed_copper_trapdoor", "1662": "waxed_cut_copper", "1663": "waxed_cut_copper_slab", "1664": "waxed_cut_copper_stairs", "1665": "waxed_exposed_chiseled_copper", "1666": "waxed_exposed_copper", "1667": "waxed_exposed_copper_bulb", "1668": "waxed_exposed_copper_door", "1669": "waxed_exposed_copper_grate", "1670": "waxed_exposed_copper_trapdoor", "1671": "waxed_exposed_cut_copper", "1672": "waxed_exposed_cut_copper_slab", "1673": "waxed_exposed_cut_copper_stairs", "1674": "waxed_oxidized_chiseled_copper", "1675": "waxed_oxidized_copper", "1676": "waxed_oxidized_copper_bulb", "1677": "waxed_oxidized_copper_door", "1678": "waxed_oxidized_copper_grate", "1679": "waxed_oxidized_copper_trapdoor", "1680": "waxed_oxidized_cut_copper", "1681": "waxed_oxidized_cut_copper_slab", "1682": "waxed_oxidized_cut_copper_stairs", "1683": "waxed_weathered_chiseled_copper", "1684": "waxed_weathered_copper", "1685": "waxed_weathered_copper_bulb", "1686": "waxed_weathered_copper_door", "1687": "waxed_weathered_copper_grate", "1688": "waxed_weathered_copper_trapdoor", "1689": "waxed_weathered_cut_copper", "1690": "waxed_weathered_cut_copper_slab", "1691": "waxed_weathered_cut_copper_stairs", "1692": "wayfinder_armor_trim_smithing_template", "1693": "weathered_chiseled_copper", "1694": "weathered_copper", "1695": "weathered_copper_bulb", "1696": "weathered_copper_door", "1697": "weathered_copper_grate", "1698": "weathered_copper_trapdoor", "1699": "weathered_cut_copper", "1700": "weathered_cut_copper_slab", "1701": "weathered_cut_copper_stairs", "1702": "weeping_vines", "1703": "wet_sponge", "1704": "wheat", "1705": "wheat_seeds", "1706": "white_banner", "1707": "white_bed", "1708": "white_candle", "1709": "white_carpet", "1710": "white_concrete", "1711": "white_concrete_powder", "1712": "white_dye", "1713": "white_glazed_terracotta", "1714": "white_shulker_box", "1715": "white_stained_glass", "1716": "white_stained_glass_pane", "1717": "white_terracotta", "1718": "white_tulip", "1719": "white_wool", "1720": "wild_armor_trim_smithing_template", "1721": "wind_charge", "1722": "witch_spawn_egg", "1723": "wither_rose", "1724": "wither_skeleton_skull", "1725": "wither_skeleton_spawn_egg", "1726": "wither_spawn_egg", "1727": "wolf_armor", "1728": "wolf_spawn_egg", "1729": "wooden_axe", "1730": "wooden_hoe", "1731": "wooden_pickaxe", "1732": "wooden_shovel", "1733": "wooden_sword", "1734": "writable_book", "1735": "written_book", "1736": "yellow_banner", "1737": "yellow_bed", "1738": "yellow_candle", "1739": "yellow_carpet", "1740": "yellow_concrete", "1741": "yellow_concrete_powder", "1742": "yellow_dye", "1743": "yellow_glazed_terracotta", "1744": "yellow_shulker_box", "1745": "yellow_stained_glass", "1746": "yellow_stained_glass_pane", "1747": "yellow_terracotta", "1748": "yellow_wool", "1749": "zoglin_spawn_egg", "1750": "zombie_head", "1751": "zombie_horse_spawn_egg", "1752": "zombie_spawn_egg", "1753": "zombie_villager_spawn_egg", "1754": "zombified_piglin_spawn_egg"}